gift filename|document instance|article asset id|subject|geo scope|event|person
PSM-CHOA_20130923_00480.xml|1|KZRBBR242139812||Eastern Europe||
PSM-CHOA_20130923_00480.xml|1|KZRBBR242139812||Western Europe||
PSM-CHOA_20130923_00480.xml|1|KZRBBR242139812||Russia||
PSM-CHOA_20130923_00480.xml|1|KZRBBR242139812|Politics|Russia||
PSM-CHOA_20130923_00480.xml|2|YFMROB486276637|Politics|United Kingdom||
PSM-CHOA_20130923_00480.xml|2|YFMROB486276637|Politics|Canada||
PSM-CHOA_20130923_00480.xml|3|JWBMNF187970266|Politics|Japan||
PSM-CHOA_20130923_00480.xml|3|JWBMNF187970266|Economics|Japan||
PSM-CHOA_20130923_00480.xml|5|EDXXLD326760248|Economics|United States||
PSM-CHOA_20130923_00480.xml|5|EDXXLD326760248|Economics|Switzerland||
PSM-CHOA_20130923_00480.xml|7|XIBNKI944824639|Economics|Germany||
PSM-CHOA_20130923_00480.xml|7|XIBNKI944824639|Armed forces|Germany||
PSM-CHOA_20130923_00480.xml|8|TWPLEO880755469|Armed forces|Thailand||
PSM-CHOA_20130923_00480.xml|9|VOTMUV506245803|Armed forces|Africa||
PSM-CHOA_20130923_00480.xml|9|VOTMUV506245803|Democracy|Africa||
PSM-CHOA_20130923_00480.xml|9|VOTMUV506245803|Politics|Africa||
PSM-CHOA_20130923_00480.xml|10|GCHFMM708078702|Politics|United Kingdom||
PSM-CHOA_20130923_00480.xml|11|XXDXGG257228332|Politics|Algeria||
PSM-CHOA_20130923_00480.xml|11|XXDXGG257228332|Politics|France||
PSM-CHOA_20130923_00480.xml|11|XXDXGG257228332|Natural resources|France||
PSM-CHOA_20130923_00480.xml|12|VRDASS082758529|Natural resources|East Asia||
PSM-CHOA_20130923_00480.xml|12|VRDASS082758529|Natural resources|Japan||
PSM-CHOA_20130923_00480.xml|12|VRDASS082758529|Natural resources|Western Europe||
PSM-CHOA_20130923_00480.xml|12|VRDASS082758529|Natural resources|Asia||
PSM-CHOA_20130923_00480.xml|12|VRDASS082758529|Economic development|Asia||
PSM-CHOA_20130923_00480.xml|12|VRDASS082758529|Economics|Asia||
PSM-CHOA_20130923_00480.xml|13|HAZRPP099793691|Economics|Russia||
PSM-CHOA_20130923_00480.xml|13|HAZRPP099793691|Democracy|Russia||
PSM-CHOA_20130923_00480.xml|14|ZDTRXQ234363908|Democracy|United States||
PSM-CHOA_20130923_00480.xml|15|JLVKQD027981218|Democracy|United Kingdom||
PSM-CHOA_20130923_00480.xml|15|JLVKQD027981218|Democracy|Africa||
PSM-CHOA_20130923_00480.xml|17|ENQUCO347699888|Democracy|Colombia||
PSM-CHOA_20130923_00480.xml|17|ENQUCO347699888|Democracy|Latin America||
PSM-CHOA_20130923_00480.xml|17|ENQUCO347699888|Democracy|Latin America||
PSM-CHOA_20130923_00480.xml|17|ENQUCO347699888|Politics|Latin America||
PSM-CHOA_20130923_00480.xml|17|ENQUCO347699888|Communism|Latin America||
PSM-CHOA_20130923_00480.xml|18|FGMJFV198189913|Communism|Kenya||
PSM-CHOA_20130923_00480.xml|18|FGMJFV198189913|Communism|Zimbabwe||
PSM-CHOA_20130923_00480.xml|18|FGMJFV198189913|Communism|United Kingdom||
PSM-CHOA_20130923_00480.xml|19|STLVXY073003366|Communism|Pakistan||
PSM-CHOA_20130923_00480.xml|19|STLVXY073003366|Communism|Canada||
PSM-CHOA_20130923_00480.xml|19|STLVXY073003366|Democracy|Canada||
PSM-CHOA_20130923_00480.xml|19|STLVXY073003366|Politics|Canada||
PSM-CHOA_20130923_00480.xml|19|STLVXY073003366|International relations|Canada||
PSM-CHOA_20130923_00480.xml|20|EOJYXT129977202|International relations|Oregon||
PSM-CHOA_20130923_00480.xml|20|EOJYXT129977202|International relations|Wisconsin||
PSM-CHOA_20130923_00480.xml|20|EOJYXT129977202|Politics|Wisconsin||
PSM-CHOA_20130923_00480.xml|21|PUKQUD119363948|Politics|Zimbabwe||
PSM-CHOA_20130923_00480.xml|21|PUKQUD119363948|Politics|United Kingdom||
PSM-CHOA_20130923_00480.xml|22|LWLHBH234344205|Democracy|United Kingdom||
PSM-CHOA_20130923_00480.xml|23|TSPCKQ264641774|Democracy|South Africa||
PSM-CHOA_20130923_00480.xml|23|TSPCKQ264641774|Democracy|Africa||
PSM-CHOA_20130923_00480.xml|23|TSPCKQ264641774|Democracy|Africa||
PSM-CHOA_20130923_00480.xml|23|TSPCKQ264641774|Politics|Africa||
PSM-CHOA_20130923_00480.xml|23|TSPCKQ264641774|Race relations|Africa||
PSM-CHOA_20130923_00480.xml|24|FINXEL622890065|Race relations|France||
PSM-CHOA_20130923_00480.xml|25|TIYCRU339139401|Race relations|France||
PSM-CHOA_20130923_00480.xml|26|GEXRKV934616079|Race relations|Europe||
PSM-CHOA_20130923_00480.xml|26|GEXRKV934616079|Organizations|Europe||
PSM-CHOA_20130923_00480.xml|27|TXWRZE665425973|Organizations|Iran||
PSM-CHOA_20130923_00480.xml|27|TXWRZE665425973|Mining industry|Iran||
PSM-CHOA_20130923_00480.xml|27|TXWRZE665425973|Energy industries|Iran||
PSM-CHOA_20130923_00480.xml|27|TXWRZE665425973|International relations|Iran||
PSM-CHOA_20130923_00480.xml|28|DXMVGB699773343|International relations|India||
PSM-CHOA_20130923_00480.xml|28|DXMVGB699773343|Politics|India||
PSM-CHOA_20130923_00480.xml|29|NNVHTT498419933|Politics|Spain||
PSM-CHOA_20130923_00480.xml|29|NNVHTT498419933|Democracy|Spain||
PSM-CHOA_20130923_00480.xml|30|UACYZI142256265|Democracy|United Kingdom||
PSM-CHOA_20130923_00480.xml|30|UACYZI142256265|International relations|United Kingdom||
PSM-CHOA_20130923_00480.xml|35|OFQKOJ010787697|International relations|United States||
PSM-CHOA_20130923_00480.xml|35|OFQKOJ010787697|International relations|Russia||
PSM-CHOA_20130923_00480.xml|36|YHRGVH047401153|International relations|Africa||
PSM-CHOA_20130923_00480.xml|36|YHRGVH047401153|International relations|Asia||
PSM-CHOA_20130923_00480.xml|36|YHRGVH047401153|Foreign policy|Asia||
PSM-CHOA_20130923_00480.xml|36|YHRGVH047401153|Politics|Asia||
PSM-CHOA_20130923_00480.xml|36|YHRGVH047401153|International relations|Asia||
PSM-CHOA_20130923_00480.xml|37|JEKYUN876262701|International relations|Japan||
PSM-CHOA_20130923_00480.xml|37|JEKYUN876262701|International trade|Japan||
PSM-CHOA_20130923_00480.xml|37|JEKYUN876262701|Foreign policy|Japan||
PSM-CHOA_20130923_00480.xml|38|NPBQKW201913340|Foreign policy|United States||
PSM-CHOA_20130923_00480.xml|38|NPBQKW201913340|Politics|United States||
PSM-CHOA_20130923_00480.xml|39|CVUZQQ808934380|Politics|Zimbabwe||
PSM-CHOA_20130923_00480.xml|39|CVUZQQ808934380|Politics|South Africa||
PSM-CHOA_20130923_00480.xml|39|CVUZQQ808934380|Imperialism|South Africa||
PSM-CHOA_20130923_00480.xml|39|CVUZQQ808934380|International relations|South Africa||
PSM-CHOA_20130923_00480.xml|40|MVAGNU093924751|International relations|Congo (Kinshasa)||
PSM-CHOA_20130923_00480.xml|41|TCTFIX395990889|International relations|Pakistan||
PSM-CHOA_20130923_00480.xml|41|TCTFIX395990889|International relations|India||
PSM-CHOA_20130923_00480.xml|41|TCTFIX395990889|International relations|Kashmir (Region)||
PSM-CHOA_20130923_00480.xml|42|YMOFIO280062541|International relations|Germany||
PSM-CHOA_20130923_00480.xml|44|APVRJV317026527|International relations|Western Europe||
PSM-CHOA_20130923_00480.xml|44|APVRJV317026527|International relations|Europe||
PSM-CHOA_20130923_00480.xml|44|APVRJV317026527|International relations|Europe||
PSM-CHOA_20130923_00480.xml|46|ZYRMWH202297607|International relations|Russia||
PSM-CHOA_20130923_00480.xml|46|ZYRMWH202297607|International relations|United Kingdom||
PSM-CHOA_20130923_00480.xml|46|ZYRMWH202297607|Democracy|United Kingdom||
PSM-CHOA_20130923_00480.xml|46|ZYRMWH202297607|Politics|United Kingdom||
PSM-CHOA_20130923_00480.xml|46|ZYRMWH202297607|International relations|United Kingdom||
PSM-CHOA_20130923_00480.xml|47|MZIECJ329184975|International relations|Middle East||
PSM-CHOA_20130923_00480.xml|47|MZIECJ329184975|International relations|Yemen||
PSM-CHOA_20130923_00480.xml|47|MZIECJ329184975|International relations|Egypt||
PSM-CHOA_20130923_00480.xml|47|MZIECJ329184975|International relations|United Kingdom||
PSM-CHOA_20130923_00480.xml|47|MZIECJ329184975|International relations|Persian Gulf||
PSM-CHOA_20130923_00480.xml|47|MZIECJ329184975|Sovereignty|Persian Gulf||
PSM-CHOA_20130923_00480.xml|49|FXUSID371951820|Sovereignty|United Kingdom||
PSM-CHOA_20130923_00480.xml|49|FXUSID371951820|International trade|United Kingdom||
PSM-CHOA_20130923_00480.xml|49|FXUSID371951820|Business|United Kingdom||
PSM-CHOA_20130923_00480.xml|49|FXUSID371951820|Finance|United Kingdom||
PSM-CHOA_20130923_00480.xml|49|FXUSID371951820|Economic policy|United Kingdom||
PSM-CHOA_20130923_00480.xml|49|FXUSID371951820|Monetary policy|United Kingdom||
PSM-CHOA_20130923_00480.xml|51|NZOKFM416455348|Monetary policy|Eastern Europe||
PSM-CHOA_20130923_00480.xml|51|NZOKFM416455348|Monetary policy|United Kingdom||
PSM-CHOA_20130923_00480.xml|52|EKOXAW420574262|Monetary policy|United States||
PSM-CHOA_20130923_00480.xml|52|EKOXAW420574262|Foreign policy|United States||
PSM-CHOA_20130923_00480.xml|53|JEIRNU270326361|Foreign policy|Russia||
PSM-CHOA_20130923_00480.xml|53|JEIRNU270326361|Foreign policy|France||
PSM-CHOA_20130923_00480.xml|53|JEIRNU270326361|Democracy|France||
PSM-CHOA_20130923_00480.xml|53|JEIRNU270326361|Politics|France||
PSM-CHOA_20130923_00480.xml|53|JEIRNU270326361|Communism|France||
PSM-CHOA_20130923_00480.xml|54|JBYHIS816154930|Communism|Germany||
PSM-CHOA_20130923_00480.xml|54|JBYHIS816154930|Communism|France||
PSM-CHOA_20130923_00480.xml|54|JBYHIS816154930|Communism|Africa||
PSM-CHOA_20130923_00480.xml|54|JBYHIS816154930|Communism|Europe||
PSM-CHOA_20130923_00480.xml|54|JBYHIS816154930|Economic development|Europe||
PSM-CHOA_20130923_00480.xml|54|JBYHIS816154930|International relations|Europe||
PSM-CHOA_20130923_00480.xml|55|RTIOPG546655337|International relations|India||
PSM-CHOA_20130923_00480.xml|55|RTIOPG546655337|Economic development|India||
PSM-CHOA_20130923_00480.xml|55|RTIOPG546655337|Real estate|India||
PSM-CHOA_20130923_00480.xml|56|MNWHHY377043449|Real estate|Greece||
PSM-CHOA_20130923_00480.xml|56|MNWHHY377043449|Economics|Greece||
PSM-CHOA_20130923_00480.xml|56|MNWHHY377043449|International relations|Greece||
PSM-CHOA_20130923_00480.xml|58|ECAJBX267599345|International relations|China||
PSM-CHOA_20130923_00480.xml|58|ECAJBX267599345|International relations|Russia||
PSM-CHOA_20130923_00480.xml|58|ECAJBX267599345|International relations|Russia||
PSM-CHOA_20130923_00480.xml|59|MBLZKG977992503|International relations|France||
PSM-CHOA_20130923_00480.xml|60|LTVXFO691864589|Democracy|France||
PSM-CHOA_20130923_00480.xml|61|ICOXZF954933530|Democracy|Japan||
PSM-CHOA_20130923_00480.xml|61|ICOXZF954933530|Democracy|Asia||
PSM-CHOA_20130923_00480.xml|61|ICOXZF954933530|Foreign policy|Asia||
PSM-CHOA_20130923_00480.xml|61|ICOXZF954933530|International relations|Asia||
PSM-CHOA_20130923_00480.xml|62|ZEBSNT039021598|International relations|East Asia||
PSM-CHOA_20130923_00480.xml|64|BKZJXU997532643|International relations|United Kingdom||
PSM-CHOA_20130923_00480.xml|64|BKZJXU997532643|Labor|United Kingdom||
PSM-CHOA_20130923_00480.xml|65|KXOVPI508635377|Labor|United Kingdom||
PSM-CHOA_20130923_00480.xml|66|BKDGAL521787437|Labor|Southeast Asia||
PSM-CHOA_20130923_00480.xml|67|UBVFIU895728078|Labor|Kenya||
PSM-CHOA_20130923_00480.xml|67|UBVFIU895728078|Democracy|Kenya||
PSM-CHOA_20130923_00480.xml|67|UBVFIU895728078|Politics|Kenya||
PSM-CHOA_20130923_00480.xml|68|ONBJCF065137743|Politics|Indiana||
PSM-CHOA_20130923_00480.xml|68|ONBJCF065137743|Human rights|Indiana||
PSM-CHOA_20130923_00480.xml|68|ONBJCF065137743|Labor|Indiana||
PSM-CHOA_20130923_00480.xml|69|QZARUT039908677|Labor|Argentina||
PSM-CHOA_20130923_00480.xml|69|QZARUT039908677|Politics|Argentina||
PSM-CHOA_20130923_00480.xml|72|HIKPFI378389078|Politics|Russia||
PSM-CHOA_20130923_00480.xml|73|NTHNNK005640515|Politics|Middle East||
PSM-CHOA_20130923_00480.xml|73|NTHNNK005640515|Politics|Algeria||
PSM-CHOA_20130923_00480.xml|73|NTHNNK005640515|Politics|Africa||
PSM-CHOA_20130923_00480.xml|74|DGVNPJ628252881|Politics|East Asia||
PSM-CHOA_20130923_00480.xml|74|DGVNPJ628252881|Politics|Japan||
PSM-CHOA_20130923_00480.xml|74|DGVNPJ628252881|Politics|Thailand||
PSM-CHOA_20130923_00480.xml|74|DGVNPJ628252881|Politics|Malaysia||
PSM-CHOA_20130923_00480.xml|74|DGVNPJ628252881|Politics|South China Sea||
PSM-CHOA_20130923_00480.xml|74|DGVNPJ628252881|Politics|Asia||
PSM-CHOA_20130923_00480.xml|74|DGVNPJ628252881|Wars|Asia||
PSM-CHOA_20130923_00480.xml|75|LOHQQZ838702087|Wars|Western Europe||
PSM-CHOA_20130923_00480.xml|75|LOHQQZ838702087|History|Western Europe||
PSM-CHOA_20130923_00480.xml|77|ZSFLNN216339710|History|Ethiopia||
PSM-CHOA_20130923_00480.xml|78|KNJVAZ559080254|History|Iran||
PSM-CHOA_20130923_00480.xml|78|KNJVAZ559080254|History|France||
PSM-CHOA_20130923_00480.xml|78|KNJVAZ559080254|Economics|France||
PSM-CHOA_20130923_00480.xml|79|HPIAYJ428377913|Economics|Ghana||
PSM-CHOA_20130923_00480.xml|80|LHOITS979326997|Economics|United States||
PSM-CHOA_20130923_00480.xml|80|LHOITS979326997|Economics|Russia||
PSM-CHOA_20130923_00480.xml|80|LHOITS979326997|Economics|Russia||
PSM-CHOA_20130923_00480.xml|80|LHOITS979326997|Wars|Russia||
PSM-CHOA_20130923_00480.xml|80|LHOITS979326997|International relations|Russia||
PSM-CHOA_20130923_00480.xml|81|SUUIZK425446565|International relations|United States||
PSM-CHOA_20130923_00480.xml|81|SUUIZK425446565|Foreign policy|United States||
PSM-CHOA_20130923_00480.xml|83|WLZECF720828264|Foreign policy|France||
PSM-CHOA_20130923_00480.xml|83|WLZECF720828264|Foreign policy|North America||
PSM-CHOA_20130923_00480.xml|83|WLZECF720828264|Economics|North America||
PSM-CHOA_20130923_00480.xml|83|WLZECF720828264|Economic policy|North America||
PSM-CHOA_20130923_00480.xml|84|HAXMFC093032978|Economic policy|Western Europe||
PSM-CHOA_20130923_00480.xml|84|HAXMFC093032978|Economic policy|Europe||
PSM-CHOA_20130923_00480.xml|84|HAXMFC093032978|Economic development|Europe||
PSM-CHOA_20130923_00480.xml|84|HAXMFC093032978|Economics|Europe||
PSM-CHOA_20130923_00480.xml|84|HAXMFC093032978|International relations|Europe||
PSM-CHOA_20130923_00480.xml|85|USMEUP757162945|International relations|United States||
PSM-CHOA_20130923_00480.xml|85|USMEUP757162945|Textiles|United States||
PSM-CHOA_20130923_00480.xml|87|QIGTXF690214830|Textiles|Serbia||
PSM-CHOA_20130923_00480.xml|87|QIGTXF690214830|Democracy|Serbia||
PSM-CHOA_20130923_00480.xml|87|QIGTXF690214830|Politics|Serbia||
PSM-CHOA_20130923_00480.xml|88|VHTKQB773929580|Politics|Spain||
PSM-CHOA_20130923_00480.xml|88|VHTKQB773929580|Politics|Spain||
PSM-CHOA_20130923_00480.xml|89|HWPINR213160842|Politics|New Zealand||
PSM-CHOA_20130923_00480.xml|89|HWPINR213160842|Politics|United Kingdom||
PSM-CHOA_20130923_00480.xml|89|HWPINR213160842|International trade|United Kingdom||
PSM-CHOA_20130923_00480.xml|90|EDXLSW927679842|International trade|Latin America||
PSM-CHOA_20130923_00480.xml|91|ZTUBHY835753134|International trade|Russia||
PSM-CHOA_20130923_00480.xml|91|ZTUBHY835753134|Communism|Russia||
PSM-CHOA_20130923_00480.xml|92|AXRKPH332612797|Communism|Germany||
PSM-CHOA_20130923_00480.xml|94|SCIBSE011815746|Communism|Namibia||
PSM-CHOA_20130923_00480.xml|94|SCIBSE011815746|Communism|Africa||
PSM-CHOA_20130923_00480.xml|94|SCIBSE011815746|Agriculture|Africa||
PSM-CHOA_20130923_00480.xml|95|ZIXGGX448861529|Agriculture|Japan||
PSM-CHOA_20130923_00480.xml|95|ZIXGGX448861529|Agriculture|United States||
PSM-CHOA_20130923_00480.xml|95|ZIXGGX448861529|Agriculture|United Kingdom||
PSM-CHOA_20130923_00480.xml|96|PNTCKC440983442|Agriculture|Russia||
PSM-CHOA_20130923_00480.xml|96|PNTCKC440983442|Agriculture|United Kingdom||
PSM-CHOA_20130923_00480.xml|97|KUZOFM305632544|Agriculture|United Kingdom||
PSM-CHOA_20130923_00480.xml|97|KUZOFM305632544|Agriculture|Canada||
PSM-CHOA_20130923_00480.xml|97|KUZOFM305632544|Public finance|Canada||
PSM-CHOA_20130923_00480.xml|97|KUZOFM305632544|Monetary policy|Canada||
PSM-CHOA_20130923_00480.xml|98|CMAHVI028767303|Monetary policy|Africa||
PSM-CHOA_20130923_00480.xml|99|LICZBE490186651|Monetary policy|Western Europe||
PSM-CHOA_20130923_00480.xml|99|LICZBE490186651|Monetary policy|Russia||
PSM-CHOA_20130923_00480.xml|99|LICZBE490186651|Armed forces|Russia||
PSM-CHOA_20130923_00480.xml|99|LICZBE490186651|Science|Russia||
PSM-CHOA_20130923_00480.xml|100|DHHHBR201287043|Science|East Asia||
PSM-CHOA_20130923_00480.xml|100|DHHHBR201287043|Science|Indonesia||
PSM-CHOA_20130923_00480.xml|100|DHHHBR201287043|Science|Asia||
PSM-CHOA_20130923_00480.xml|100|DHHHBR201287043|Communism|Asia||
PSM-CHOA_20130923_00480.xml|100|DHHHBR201287043|Nationalism|Asia||
PSM-CHOA_20130923_00480.xml|101|ZZOGWV050416077|Nationalism|United Kingdom||
PSM-CHOA_20130923_00480.xml|101|ZZOGWV050416077|Energy industries|United Kingdom||
PSM-CHOA_20130923_00480.xml|101|ZZOGWV050416077|Materials|United Kingdom||
PSM-CHOA_20130923_00480.xml|104|IMEHZJ172170432|Materials|Palestinian Territories||
PSM-CHOA_20130923_00480.xml|104|IMEHZJ172170432|Religion|Palestinian Territories||
PSM-CHOA_20130923_00480.xml|105|EVCQSR354051262|Religion|Saudi Arabia||
PSM-CHOA_20130923_00480.xml|105|EVCQSR354051262|Religion|United Kingdom||
PSM-CHOA_20130923_00480.xml|107|MIKGSG403614631|Religion|United Kingdom||
PSM-CHOA_20130923_00480.xml|107|MIKGSG403614631|Religion|Europe||
PSM-CHOA_20130923_00480.xml|108|ZTDCHI365679213|Religion|Eastern Europe||
PSM-CHOA_20130923_00480.xml|108|ZTDCHI365679213|Religion|France||
PSM-CHOA_20130923_00480.xml|108|ZTDCHI365679213|Religion|Europe||
PSM-CHOA_20130923_00480.xml|108|ZTDCHI365679213|Democracy|Europe||
PSM-CHOA_20130923_00480.xml|108|ZTDCHI365679213|Politics|Europe||
PSM-CHOA_20130923_00480.xml|108|ZTDCHI365679213|Communism|Europe||
PSM-CHOA_20130923_00480.xml|109|QEWUUP449993382|Communism|Italy||
PSM-CHOA_20130923_00480.xml|109|QEWUUP449993382|Foreign policy|Italy||
PSM-CHOA_20130923_00480.xml|110|PTYLML103427441|Foreign policy|United States||
PSM-CHOA_20130923_00480.xml|110|PTYLML103427441|International relations|United States||
PSM-CHOA_20130923_00480.xml|111|ENIWIY578474751|International relations|Germany||
PSM-CHOA_20130923_00480.xml|112|KMRMHF370981829|International relations|United Kingdom||
PSM-CHOA_20130923_00480.xml|113|ZSZDMP681285732|International relations|Russia||
PSM-CHOA_20130923_00480.xml|114|AWWOUJ734852454|International relations|Kenya||
PSM-CHOA_20130923_00480.xml|114|AWWOUJ734852454|International relations|United Kingdom||
PSM-CHOA_20130923_00480.xml|115|HQMFTU058739932|International relations|India||
PSM-CHOA_20130923_00480.xml|115|HQMFTU058739932|International relations|Eastern Europe||
PSM-CHOA_20130923_00480.xml|115|HQMFTU058739932|International relations|Indiana||
PSM-CHOA_20130923_00480.xml|115|HQMFTU058739932|Communism|Indiana||
PSM-CHOA_20130923_00480.xml|116|XTMEPL931905737|Communism|Ireland||
PSM-CHOA_20130923_00480.xml|116|XTMEPL931905737|Communism|Northern Ireland||
PSM-CHOA_20130923_00480.xml|116|XTMEPL931905737|Crime|Northern Ireland||
PSM-CHOA_20130923_00480.xml|117|QQVLEL321336378|Crime|United States||
PSM-CHOA_20130923_00480.xml|117|QQVLEL321336378|Crime|United Kingdom||
PSM-CHOA_20130923_00480.xml|118|KIWMSZ542099479|Crime|Western Europe||
PSM-CHOA_20130923_00480.xml|118|KIWMSZ542099479|Crime|United Kingdom||
PSM-CHOA_20130923_00480.xml|118|KIWMSZ542099479|Diplomacy|United Kingdom||
PSM-CHOA_20130923_00480.xml|118|KIWMSZ542099479|Foreign policy|United Kingdom||
PSM-CHOA_20130923_00480.xml|118|KIWMSZ542099479|Economics|United Kingdom||
PSM-CHOA_20130923_00480.xml|119|KKEAKM274473504|Economics|Germany||
PSM-CHOA_20130923_00480.xml|119|KKEAKM274473504|Economics|Western Europe||
PSM-CHOA_20130923_00480.xml|119|KKEAKM274473504|Economics|United Kingdom||
PSM-CHOA_20130923_00480.xml|119|KKEAKM274473504|Economics|Europe||
PSM-CHOA_20130923_00480.xml|120|TVFSIX511969640|Economics|Finland||
PSM-CHOA_20130923_00480.xml|120|TVFSIX511969640|Economics|Western Europe||
PSM-CHOA_20130923_00480.xml|120|TVFSIX511969640|Foreign policy|Western Europe||
PSM-CHOA_20130923_00480.xml|122|TXMXFU236632619|Foreign policy|South Africa||
PSM-CHOA_20130923_00480.xml|123|WWKGHX150736270|Foreign policy|United States||
PSM-CHOA_20130923_00480.xml|123|WWKGHX150736270|Foreign policy|Germany||
PSM-CHOA_20130923_00480.xml|124|FAYRRC745311101|Foreign policy|United Kingdom||
PSM-CHOA_20130923_00480.xml|125|HZFOUW429945148|Foreign policy|Kenya||
PSM-CHOA_20130923_00480.xml|125|HZFOUW429945148|Democracy|Kenya||
PSM-CHOA_20130923_00480.xml|126|TFUOPA295126147|Democracy|Africa||
PSM-CHOA_20130923_00480.xml|127|NQXJQD944621547|Democracy|Algeria||
PSM-CHOA_20130923_00480.xml|127|NQXJQD944621547|Democracy|France||
PSM-CHOA_20130923_00480.xml|128|TJIAAH694525771|Democracy|Germany||
PSM-CHOA_20130923_00480.xml|128|TJIAAH694525771|Democracy|Poland||
PSM-CHOA_20130923_00480.xml|129|DVCFOF452477854|Democracy|United States||
PSM-CHOA_20130923_00480.xml|129|DVCFOF452477854|Foreign policy|United States||
PSM-CHOA_20130923_00480.xml|129|DVCFOF452477854|Politics|United States||
PSM-CHOA_20130923_00480.xml|130|FBBXFO787817282|Politics|Italy||
PSM-CHOA_20130923_00480.xml|130|FBBXFO787817282|Politics|Libya||
PSM-CHOA_20130923_00480.xml|131|QWZQAZ989816978|Politics|Germany||
PSM-CHOA_20130923_00480.xml|131|QWZQAZ989816978|Foreign policy|Germany||
PSM-CHOA_20130923_00480.xml|131|QWZQAZ989816978|International relations|Germany||
PSM-CHOA_20130923_00480.xml|132|INQQLF796923886|International relations|Russia||
PSM-CHOA_20130923_00480.xml|132|INQQLF796923886|International relations|United Kingdom||
PSM-CHOA_20130923_00480.xml|132|INQQLF796923886|International relations|Persian Gulf||
PSM-CHOA_20130923_00480.xml|132|INQQLF796923886|Foreign policy|Persian Gulf||
PSM-CHOA_20130923_00480.xml|132|INQQLF796923886|International relations|Persian Gulf||
PSM-CHOA_20130923_00480.xml|133|MVYNBR823193577|International relations|Europe||
PSM-CHOA_20130923_00480.xml|133|MVYNBR823193577|Finance|Europe||
PSM-CHOA_20130923_00480.xml|133|MVYNBR823193577|Economic policy|Europe||
PSM-CHOA_20130923_00480.xml|133|MVYNBR823193577|Monetary policy|Europe||
PSM-CHOA_20130923_00480.xml|134|JNXZDI786194613|Monetary policy|Argentina||
PSM-CHOA_20130923_00480.xml|134|JNXZDI786194613|Economics|Argentina||
PSM-CHOA_20130923_00480.xml|134|JNXZDI786194613|International relations|Argentina||
PSM-CHOA_20130923_00480.xml|135|MCHLSN607675639|International relations|Egypt||
PSM-CHOA_20130923_00480.xml|135|MCHLSN607675639|International relations|United Kingdom||
PSM-CHOA_20130923_00480.xml|136|ZRDGTA474981513|International relations|Malaysia||
PSM-CHOA_20130923_00480.xml|137|PQXETV764116686|International relations|Japan||
PSM-CHOA_20130923_00480.xml|137|PQXETV764116686|International relations|Germany||
PSM-CHOA_20130923_00480.xml|138|VNURQS364392835|International relations|Germany||
PSM-CHOA_20130923_00480.xml|139|PIXYYK647760194|International relations|Mexico||
PSM-CHOA_20130923_00480.xml|139|PIXYYK647760194|International relations|Western Europe||
PSM-CHOA_20130923_00480.xml|139|PIXYYK647760194|Democracy|Western Europe||
PSM-CHOA_20130923_00480.xml|140|URSCTS413495088|Democracy|Germany||
PSM-CHOA_20130923_00480.xml|140|URSCTS413495088|Democracy|France||
PSM-CHOA_20130923_00480.xml|141|VZMDBI943283373|Democracy|Senegal||
PSM-CHOA_20130923_00480.xml|141|VZMDBI943283373|Democracy|United Kingdom||
PSM-CHOA_20130923_00480.xml|141|VZMDBI943283373|Democracy|Africa||
PSM-CHOA_20130923_00480.xml|141|VZMDBI943283373|Foreign policy|Africa||
PSM-CHOA_20130923_00480.xml|142|WTSGTJ901203742|Foreign policy|Israel||
PSM-CHOA_20130923_00480.xml|142|WTSGTJ901203742|Foreign policy|Western Europe||
PSM-CHOA_20130923_00480.xml|143|DPZPJV989660192|Foreign policy|Poland||
PSM-CHOA_20130923_00480.xml|144|WIHADG693704582|Foreign policy|Russia||
PSM-CHOA_20130923_00480.xml|144|WIHADG693704582|Organizations|Russia||
PSM-CHOA_20130923_00480.xml|146|IYNFPC226986443|Organizations|United States||
PSM-CHOA_20130923_00480.xml|146|IYNFPC226986443|Organizations|United Kingdom||
PSM-CHOA_20130923_00480.xml|146|IYNFPC226986443|Diplomacy|United Kingdom||
PSM-CHOA_20130923_00480.xml|147|JFNIGV320698816|Diplomacy|Eastern Europe||
PSM-CHOA_20130923_00480.xml|147|JFNIGV320698816|Diplomacy|Hungary||
PSM-CHOA_20130923_00480.xml|147|JFNIGV320698816|Diplomacy|Europe||
PSM-CHOA_20130923_00480.xml|147|JFNIGV320698816|Democracy|Europe||
PSM-CHOA_20130923_00480.xml|147|JFNIGV320698816|Politics|Europe||
PSM-CHOA_20130923_00480.xml|147|JFNIGV320698816|Communism|Europe||
PSM-CHOA_20130923_00480.xml|148|JUIWDP359946056|Communism|Middle East||
PSM-CHOA_20130923_00480.xml|148|JUIWDP359946056|Communism|Israel||
PSM-CHOA_20130923_00480.xml|148|JUIWDP359946056|Communism|Western Europe||
PSM-CHOA_20130923_00480.xml|148|JUIWDP359946056|International relations|Western Europe||
PSM-CHOA_20130923_00480.xml|149|CFOXUO151780701|International relations|Middle East||
PSM-CHOA_20130923_00480.xml|149|CFOXUO151780701|International relations|New York||
PSM-CHOA_20130923_00480.xml|151|AVGLHV045108979|International relations|Pakistan||
PSM-CHOA_20130923_00480.xml|151|AVGLHV045108979|International relations|India||
PSM-CHOA_20130923_00480.xml|151|AVGLHV045108979|Politics|India||
PSM-CHOA_20130923_00480.xml|152|BPPXJZ889381696|Politics|India||
PSM-CHOA_20130923_00480.xml|153|ENWUJP017356848|Politics|Russia||
PSM-CHOA_20130923_00480.xml|153|ENWUJP017356848|Armed forces|Russia||
PSM-CHOA_20130923_00480.xml|154|BMURUN810621705|Armed forces|Nigeria||
PSM-CHOA_20130923_00480.xml|155|JLQSUU628834957|Armed forces|Pakistan||
PSM-CHOA_20130923_00480.xml|155|JLQSUU628834957|Armed forces|Pakistan||
PSM-CHOA_20130923_00480.xml|156|EIVNUQ110174035|Armed forces|Zimbabwe||
PSM-CHOA_20130923_00480.xml|157|DXUWFH735443652|Armed forces|Serbia||
PSM-CHOA_20130923_00480.xml|158|MVCHOG233820712|Armed forces|United Kingdom||
PSM-CHOA_20130923_00480.xml|158|MVCHOG233820712|Organizations|United Kingdom||
PSM-CHOA_20130923_00480.xml|158|MVCHOG233820712|Finance|United Kingdom||
PSM-CHOA_20130923_00480.xml|158|MVCHOG233820712|Economic policy|United Kingdom||
PSM-CHOA_20130923_00480.xml|158|MVCHOG233820712|Monetary policy|United Kingdom||
PSM-CHOA_20130923_00480.xml|159|FMZFSJ576158389|Monetary policy|Pakistan||
PSM-CHOA_20130923_00480.xml|159|FMZFSJ576158389|Monetary policy|India||
PSM-CHOA_20130923_00480.xml|160|QBKEFF895226817|Monetary policy|Poland||
PSM-CHOA_20130923_00480.xml|160|QBKEFF895226817|Monetary policy|United Kingdom||
PSM-CHOA_20130923_00480.xml|160|QBKEFF895226817|Democracy|United Kingdom||
PSM-CHOA_20130923_00480.xml|160|QBKEFF895226817|Politics|United Kingdom||
PSM-CHOA_20130923_00480.xml|160|QBKEFF895226817|Communism|United Kingdom||
PSM-CHOA_20130923_00480.xml|160|QBKEFF895226817|Revolutions|United Kingdom||
PSM-CHOA_20130923_00480.xml|161|CSEFDQ950077402|Revolutions|United Kingdom||
PSM-CHOA_20130923_00480.xml|161|CSEFDQ950077402|Revolutions|Africa||
PSM-CHOA_20130923_00480.xml|162|IBLGPP315091869|Revolutions|Ethiopia||
PSM-CHOA_20130923_00480.xml|162|IBLGPP315091869|Revolutions|United Kingdom||
PSM-CHOA_20130923_00480.xml|162|IBLGPP315091869|International relations|United Kingdom||
PSM-CHOA_20130923_00480.xml|163|KRKGWI067733053|International relations|Palestinian Territories||
PSM-CHOA_20130923_00480.xml|163|KRKGWI067733053|International relations|Palestinian Territories||
PSM-CHOA_20130923_00480.xml|163|KRKGWI067733053|Nationalism|Palestinian Territories||
PSM-CHOA_20130923_00480.xml|164|UYFCYZ921665023|Nationalism|Germany||
PSM-CHOA_20130923_00480.xml|164|UYFCYZ921665023|Nationalism|Western Europe||
PSM-CHOA_20130923_00480.xml|164|UYFCYZ921665023|Food|Western Europe||
PSM-CHOA_20130923_00480.xml|165|FEJQQQ395180466|Food|United Kingdom||
PSM-CHOA_20130923_00480.xml|165|FEJQQQ395180466|Monetary policy|United Kingdom||
PSM-CHOA_20130923_00480.xml|166|BAKMIX848186968|Monetary policy|Myanmar||
PSM-CHOA_20130923_00480.xml|166|BAKMIX848186968|Monetary policy|India||
PSM-CHOA_20130923_00480.xml|166|BAKMIX848186968|Food|India||
PSM-CHOA_20130923_00480.xml|166|BAKMIX848186968|Transportation|India||
PSM-CHOA_20130923_00480.xml|167|NPKEAG407171524|Transportation|United Kingdom||
PSM-CHOA_20130923_00480.xml|167|NPKEAG407171524|Diplomacy|United Kingdom||
PSM-CHOA_20130923_00480.xml|167|NPKEAG407171524|Foreign policy|United Kingdom||
PSM-CHOA_20130923_00480.xml|167|NPKEAG407171524|International relations|United Kingdom||
PSM-CHOA_20130923_00480.xml|168|VRXDIT791059265|International relations|India||
PSM-CHOA_20130923_00480.xml|169|QIDDAI978409985|International relations|Russia||
PSM-CHOA_20130923_00480.xml|169|QIDDAI978409985|Democracy|Russia||
PSM-CHOA_20130923_00480.xml|169|QIDDAI978409985|Politics|Russia||
PSM-CHOA_20130923_00480.xml|170|HBJJBF436164283|Politics|Central America||
PSM-CHOA_20130923_00480.xml|171|TNDCED989010105|Politics|Europe||
PSM-CHOA_20130923_00480.xml|172|VVQKKZ733780779|Politics|India||
PSM-CHOA_20130923_00480.xml|172|VVQKKZ733780779|Politics|Ireland||
PSM-CHOA_20130923_00480.xml|172|VVQKKZ733780779|Politics|Western Europe||
PSM-CHOA_20130923_00480.xml|172|VVQKKZ733780779|Politics|Canada||
PSM-CHOA_20130923_00480.xml|172|VVQKKZ733780779|Politics|Malaysia||
PSM-CHOA_20130923_00480.xml|173|EANXFP034680550|Politics|Israel||
PSM-CHOA_20130923_00480.xml|173|EANXFP034680550|Politics|Palestinian Territories||
PSM-CHOA_20130923_00480.xml|173|EANXFP034680550|Religion|Palestinian Territories||
PSM-CHOA_20130923_00480.xml|174|OXYEZL602581543|Religion|Uganda||
PSM-CHOA_20130923_00480.xml|174|OXYEZL602581543|Armed forces|Uganda||
PSM-CHOA_20130923_00480.xml|174|OXYEZL602581543|History|Uganda||
PSM-CHOA_20130923_00480.xml|175|RPQTQL150731788|History|United Kingdom||
PSM-CHOA_20130923_00480.xml|176|DBJAWK443887498|History|Russia||
PSM-CHOA_20130923_00480.xml|177|HPGPLN831344390|History|Middle East||
PSM-CHOA_20130923_00480.xml|178|JIFNYS380305872|History|Colombia||
PSM-CHOA_20130923_00480.xml|178|JIFNYS380305872|History|United States||
PSM-CHOA_20130923_00480.xml|178|JIFNYS380305872|History|Mexico||
PSM-CHOA_20130923_00480.xml|178|JIFNYS380305872|Organizations|Mexico||
PSM-CHOA_20130923_00480.xml|178|JIFNYS380305872|International relations|Mexico||
PSM-CHOA_20130923_00480.xml|179|FJTHJD789797578|International relations|Brazil||
PSM-CHOA_20130923_00480.xml|180|CZTXQL961780435|International relations|United States||
PSM-CHOA_20130923_00480.xml|180|CZTXQL961780435|International relations|Iran||
PSM-CHOA_20130923_00480.xml|180|CZTXQL961780435|International relations|Western Europe||
PSM-CHOA_20130923_00480.xml|180|CZTXQL961780435|International relations|Atlantic Ocean||
PSM-CHOA_20130923_00480.xml|180|CZTXQL961780435|International relations|Europe||
PSM-CHOA_20130923_00480.xml|181|EUDHHL511029534|International relations|Malaysia||
PSM-CHOA_20130923_00480.xml|182|JNNMHY909533737|International relations|Western Europe||
PSM-CHOA_20130923_00480.xml|182|JNNMHY909533737|Economic development|Western Europe||
PSM-CHOA_20130923_00480.xml|184|HWSRDX763255699|Economic development|United Kingdom||
PSM-CHOA_20130923_00480.xml|184|HWSRDX763255699|Economic development|Europe||
PSM-CHOA_20130923_00480.xml|184|HWSRDX763255699|Economics|Europe||
PSM-CHOA_20130923_00480.xml|185|GFDWWT071003797|Economics|Algeria||
PSM-CHOA_20130923_00480.xml|185|GFDWWT071003797|Economics|France||
PSM-CHOA_20130923_00480.xml|186|JDKTGM874444622|Economics|Nigeria||
PSM-CHOA_20130923_00480.xml|186|JDKTGM874444622|Economics|Africa||
PSM-CHOA_20130923_00480.xml|187|UDBXXO058179973|Armed forces|Africa||
PSM-CHOA_20130923_00480.xml|188|MCQOJY537033843|Armed forces|Latin America||
PSM-CHOA_20130923_00480.xml|189|IFLNTY125795537|Armed forces|Western Europe||
PSM-CHOA_20130923_00480.xml|189|IFLNTY125795537|Armed forces|United Kingdom||
PSM-CHOA_20130923_00480.xml|189|IFLNTY125795537|Foreign policy|United Kingdom||
PSM-CHOA_20130923_00480.xml|189|IFLNTY125795537|International relations|United Kingdom||
PSM-CHOA_20130923_00480.xml|190|NZBMUX218838117|International relations|Eastern Europe||
PSM-CHOA_20130923_00480.xml|190|NZBMUX218838117|Organizations|Eastern Europe||
PSM-CHOA_20130923_00480.xml|191|ASJRMC054744092|Organizations|Germany||
PSM-CHOA_20130923_00480.xml|191|ASJRMC054744092|Foreign policy|Germany||
PSM-CHOA_20130923_00480.xml|191|ASJRMC054744092|International relations|Germany||
PSM-CHOA_20130923_00480.xml|192|TBHHXJ378361368|International relations|United States||
PSM-CHOA_20130923_00480.xml|192|TBHHXJ378361368|International relations|United Kingdom||
PSM-CHOA_20130923_00480.xml|193|FWQGBN441367463|International relations|United Kingdom||
PSM-CHOA_20130923_00480.xml|194|PYPIGS014900778|International relations|Iran||
PSM-CHOA_20130923_00480.xml|194|PYPIGS014900778|Mining industry|Iran||
PSM-CHOA_20130923_00480.xml|194|PYPIGS014900778|Energy industries|Iran||
PSM-CHOA_20130923_00480.xml|195|BPLEHU417273339|Energy industries|Spain||
PSM-CHOA_20130923_00480.xml|196|DLWWIZ547202629|Energy industries|Middle East||
PSM-CHOA_20130923_00480.xml|196|DLWWIZ547202629|Energy industries|Sudan||
PSM-CHOA_20130923_00480.xml|196|DLWWIZ547202629|Energy industries|Persian Gulf||
PSM-CHOA_20130923_00480.xml|196|DLWWIZ547202629|Economics|Persian Gulf||
PSM-CHOA_20130923_00480.xml|197|UGHLQI148130799|Mass media|Persian Gulf||
PSM-CHOA_20130923_00480.xml|198|IKVRWK273197714|Mass media|Syria||
PSM-CHOA_20130923_00480.xml|199|MAVLCB472450559|Mass media|United Kingdom||
PSM-CHOA_20130923_00480.xml|199|MAVLCB472450559|Politics|United Kingdom||
PSM-CHOA_20130923_00480.xml|200|SEKZQA327559228|Politics|Germany||
PSM-CHOA_20130923_00480.xml|200|SEKZQA327559228|Economics|Germany||
PSM-CHOA_20130923_00480.xml|201|GQOYNO233418364|Economics|Eastern Europe||
PSM-CHOA_20130923_00480.xml|201|GQOYNO233418364|Human rights|Eastern Europe||
PSM-CHOA_20130923_00480.xml|201|GQOYNO233418364|Refugees|Eastern Europe||
PSM-CHOA_20130923_00480.xml|202|TNNASU533013668|Refugees|Japan||
PSM-CHOA_20130923_00480.xml|202|TNNASU533013668|Democracy|Japan||
PSM-CHOA_20130923_00480.xml|202|TNNASU533013668|Politics|Japan||
PSM-CHOA_20130923_00480.xml|203|XGSYXA419360529|Politics|Southeast Asia||
PSM-CHOA_20130923_00480.xml|203|XGSYXA419360529|Politics|Netherlands||
PSM-CHOA_20130923_00480.xml|204|SDLZOB929269795|Politics|Russia||
PSM-CHOA_20130923_00480.xml|204|SDLZOB929269795|Politics|United Kingdom||
PSM-CHOA_20130923_00480.xml|205|QRWCDD019513677|Politics|Western Europe||
PSM-CHOA_20130923_00480.xml|205|QRWCDD019513677|Politics|United Kingdom||
PSM-CHOA_20130923_00480.xml|205|QRWCDD019513677|Wars|United Kingdom||
PSM-CHOA_20130923_00480.xml|206|QOPNTR818211364|Wars|South Africa||
PSM-CHOA_20130923_00480.xml|206|QOPNTR818211364|Wars|Africa||
PSM-CHOA_20130923_00480.xml|206|QOPNTR818211364|Race relations|Africa||
PSM-CHOA_20130923_00480.xml|206|QOPNTR818211364|International relations|Africa||
PSM-CHOA_20130923_00480.xml|207|ERVYNZ791288921|International relations|Kenya||
PSM-CHOA_20130923_00480.xml|207|ERVYNZ791288921|International relations|Zimbabwe||
PSM-CHOA_20130923_00480.xml|207|ERVYNZ791288921|Organizations|Zimbabwe||
PSM-CHOA_20130923_00480.xml|208|QSDFKB461802821|Organizations|United States Virgin Islands||
PSM-CHOA_20130923_00480.xml|209|EKKRAD268074765|Organizations|Middle East||
PSM-CHOA_20130923_00480.xml|209|EKKRAD268074765|Organizations|California||
PSM-CHOA_20130923_00480.xml|209|EKKRAD268074765|Organizations|Western Europe||
PSM-CHOA_20130923_00480.xml|209|EKKRAD268074765|International relations|Western Europe||
PSM-CHOA_20130923_00480.xml|210|VKGVHC963298642|International relations|United States||
PSM-CHOA_20130923_00480.xml|210|VKGVHC963298642|International relations|Germany||
PSM-CHOA_20130923_00480.xml|210|VKGVHC963298642|Foreign policy|Germany||
PSM-CHOA_20130923_00480.xml|211|HENPJR594738724|Foreign policy|Germany||
PSM-CHOA_20130923_00480.xml|212|PKDERT670698604|Foreign policy|Middle East||
PSM-CHOA_20130923_00480.xml|213|DTVTQR732978866|Foreign policy|United States||
PSM-CHOA_20130923_00480.xml|213|DTVTQR732978866|Politics|United States||
PSM-CHOA_20130923_00480.xml|214|WWEEPO494171024|Politics|France||
PSM-CHOA_20130923_00480.xml|214|WWEEPO494171024|Politics|United Kingdom||
PSM-CHOA_20130923_00480.xml|214|WWEEPO494171024|International relations|United Kingdom||
PSM-CHOA_20130923_00480.xml|216|CAABTS600525242|International relations|Afghanistan||
PSM-CHOA_20130923_00480.xml|216|CAABTS600525242|International relations|Pakistan||
PSM-CHOA_20130923_00480.xml|216|CAABTS600525242|International relations|India||
PSM-CHOA_20130923_00480.xml|216|CAABTS600525242|Communism|India||
PSM-CHOA_20130923_00480.xml|217|PYEBEP326486091|Communism|Poland||
PSM-CHOA_20130923_00480.xml|217|PYEBEP326486091|Communism|Europe||
PSM-CHOA_20130923_00480.xml|218|QQFLNH388917579|Communism|Western Europe||
PSM-CHOA_20130923_00480.xml|218|QQFLNH388917579|Communism|Europe||
PSM-CHOA_20130923_00480.xml|218|QQFLNH388917579|Organizations|Europe||
PSM-CHOA_20130923_00480.xml|219|QMCTJJ740216114|Organizations|China||
PSM-CHOA_20130923_00480.xml|220|VVGJRW111148104|Organizations|United Kingdom||
PSM-CHOA_20130923_00480.xml|221|SEGUSQ550676752|Organizations|Germany||
PSM-CHOA_20130923_00480.xml|221|SEGUSQ550676752|International relations|Germany||
PSM-CHOA_20130923_00480.xml|222|MDDSMM914373481|International relations|India||
PSM-CHOA_20130923_00480.xml|222|MDDSMM914373481|International relations|United Kingdom||
PSM-CHOA_20130923_00480.xml|223|CPDQQQ731074638|International relations|China||
PSM-CHOA_20130923_00480.xml|224|DFACRX478900905|International relations|Greece||
PSM-CHOA_20130923_00480.xml|226|JOFYCA851340804|International relations|United Kingdom||
PSM-CHOA_20130923_00480.xml|226|JOFYCA851340804|International relations|United Kingdom||
PSM-CHOA_20130923_00480.xml|227|ITUERX251926297|International relations|Russia||
PSM-CHOA_20130923_00480.xml|228|NEBUNM218851797|International relations|Russia||
PSM-CHOA_20130923_00480.xml|228|NEBUNM218851797|International relations|Poland||
PSM-CHOA_20130923_00480.xml|229|KJFUDB829554594|International relations|Poland||
PSM-CHOA_20130923_00480.xml|229|KJFUDB829554594|Economics|Poland||
PSM-CHOA_20130923_00480.xml|230|CFCGSY823535202|Economics|United Kingdom||
PSM-CHOA_20130923_00480.xml|232|CUFNAB582224001|Economics|Turkey||
PSM-CHOA_20130923_00480.xml|232|CUFNAB582224001|Democracy|Turkey||
PSM-CHOA_20130923_00480.xml|232|CUFNAB582224001|Politics|Turkey||
PSM-CHOA_20130923_00480.xml|233|PIODTM922897147|Politics|Russia||
PSM-CHOA_20130923_00480.xml|233|PIODTM922897147|Politics|United Kingdom||
PSM-CHOA_20130923_00480.xml|234|WFGROQ861466888|Politics|Northern Africa||
PSM-CHOA_20130923_00480.xml|234|WFGROQ861466888|Politics|Italy||
PSM-CHOA_20130923_00480.xml|234|WFGROQ861466888|Social services|Italy||
PSM-CHOA_20130923_00480.xml|234|WFGROQ861466888|Politics|Italy||
PSM-CHOA_20130923_00480.xml|235|VPKPUW045174403|Politics|Israel||
PSM-CHOA_20130923_00480.xml|235|VPKPUW045174403|Politics|Palestinian Territories||
PSM-CHOA_20130923_00480.xml|235|VPKPUW045174403|Human rights|Palestinian Territories||
PSM-CHOA_20130923_00480.xml|235|VPKPUW045174403|Refugees|Palestinian Territories||
PSM-CHOA_20130923_00480.xml|237|COUYRA038578526|Refugees|Japan||
PSM-CHOA_20130923_00480.xml|237|COUYRA038578526|Business|Japan||
PSM-CHOA_20130923_00480.xml|238|GZXWDI605695684|Business|Sweden||
PSM-CHOA_20130923_00480.xml|239|IHBCSI980827738|Business|United Kingdom||
PSM-CHOA_20130923_00480.xml|240|PYVYQE477555540|Business|Sample||
PSM-CHOA_20130923_00480.xml|241|NTPPJO078935017|Business|New York||
PSM-CHOA_20130923_00480.xml|241|NTPPJO078935017|Business|Illinois||
PSM-CHOA_20130923_00480.xml|241|NTPPJO078935017|Business|Quebec||
PSM-CHOA_20130923_00480.xml|241|NTPPJO078935017|Business|France||
PSM-CHOA_20130923_00480.xml|241|NTPPJO078935017|Transportation|France||
PSM-CHOA_20130923_00480.xml|243|UUXFMM185699856|Transportation|United States||
PSM-CHOA_20130923_00480.xml|243|UUXFMM185699856|Transportation|United Kingdom||
PSM-CHOA_20130923_00480.xml|243|UUXFMM185699856|Transportation|Europe||
PSM-CHOA_20130923_00480.xml|244|XPVBYR999047257|Transportation|Indonesia||
PSM-CHOA_20130923_00480.xml|244|XPVBYR999047257|Transportation|Asia||
PSM-CHOA_20130923_00480.xml|244|XPVBYR999047257|Population|Asia||
PSM-CHOA_20130923_00480.xml|245|XEKVWQ899560209|Population|United States||
PSM-CHOA_20130923_00480.xml|245|XEKVWQ899560209|Population|Western Europe||
PSM-CHOA_20130923_00480.xml|245|XEKVWQ899560209|Population|Russia||
PSM-CHOA_20130923_00480.xml|245|XEKVWQ899560209|Population|United Kingdom||
PSM-CHOA_20130923_00480.xml|246|QSBRIO302014767|Population|Algeria||
PSM-CHOA_20130923_00480.xml|246|QSBRIO302014767|Population|France||
PSM-CHOA_20130923_00480.xml|247|FNDUQV841589584|Population|South Africa||
PSM-CHOA_20130923_00480.xml|248|JDSBZC973853028|Population|Russia||
PSM-CHOA_20130923_00480.xml|248|JDSBZC973853028|Population|Europe||
PSM-CHOA_20130923_00480.xml|249|JNKYWB818063835|Population|United Kingdom||
PSM-CHOA_20130923_00480.xml|250|BYMJFK206674838|Population|France||
PSM-CHOA_20130923_00480.xml|251|DCMQLJ085431421|Population|Germany||
PSM-CHOA_20130923_00480.xml|252|IYMUCT722600849|Population|Congo (Kinshasa)||
PSM-CHOA_20130923_00480.xml|253|IRQDWO091802435|Population|China||
PSM-CHOA_20130923_00480.xml|253|IRQDWO091802435|Manufacturing industries|China||
PSM-CHOA_20130923_00480.xml|254|BRPSWC309291635|Manufacturing industries|United Kingdom||
PSM-CHOA_20130923_00480.xml|254|BRPSWC309291635|Manufacturing industries|North Sea||
PSM-CHOA_20130923_00480.xml|254|BRPSWC309291635|Raw materials|North Sea||
PSM-CHOA_20130923_00480.xml|254|BRPSWC309291635|Natural resources|North Sea||
PSM-CHOA_20130923_00480.xml|255|MMNAVG874689881|Natural resources|England||
PSM-CHOA_20130923_00480.xml|256|UBMRAP687991325|Natural resources|India||
PSM-CHOA_20130923_00480.xml|256|UBMRAP687991325|Natural resources|South Africa||
PSM-CHOA_20130923_00480.xml|257|RMHFRX192428996|Natural resources|Argentina||
PSM-CHOA_20130923_00480.xml|257|RMHFRX192428996|Natural resources|Antarctica||
PSM-CHOA_20130923_00480.xml|257|RMHFRX192428996|Diplomacy|Antarctica||
PSM-CHOA_20130923_00480.xml|258|BBYANW225286038|Diplomacy|Eastern Europe||
PSM-CHOA_20130923_00480.xml|258|BBYANW225286038|Diplomacy|Iran||
PSM-CHOA_20130923_00480.xml|258|BBYANW225286038|Diplomacy|Western Europe||
PSM-CHOA_20130923_00480.xml|258|BBYANW225286038|Diplomacy|Europe||
PSM-CHOA_20130923_00480.xml|259|WZUULB707026865|Diplomacy|Eastern Europe||
PSM-CHOA_20130923_00480.xml|259|WZUULB707026865|Diplomacy|Germany||
PSM-CHOA_20130923_00480.xml|259|WZUULB707026865|Diplomacy|Western Europe||
PSM-CHOA_20130923_00480.xml|259|WZUULB707026865|Cold War, 1945-1991|Western Europe||
PSM-CHOA_20130923_00480.xml|259|WZUULB707026865|Politics|Western Europe||
PSM-CHOA_20130923_00480.xml|260|JSYSQD406240548|Politics|France||
PSM-CHOA_20130923_00480.xml|260|JSYSQD406240548|Democracy|France||
PSM-CHOA_20130923_00480.xml|260|JSYSQD406240548|Politics|France||
PSM-CHOA_20130923_00480.xml|260|JSYSQD406240548|Communism|France||
PSM-CHOA_20130923_00480.xml|261|ZSTHYX025222171|Communism|United States||
PSM-CHOA_20130923_00480.xml|262|KGQPSE553554198|Communism|India||
PSM-CHOA_20130923_00480.xml|262|KGQPSE553554198|Foreign policy|India||
PSM-CHOA_20130923_00480.xml|262|KGQPSE553554198|International relations|India||
PSM-CHOA_20130923_00480.xml|263|RGEEOQ627179780|International relations|Germany||
PSM-CHOA_20130923_00480.xml|263|RGEEOQ627179780|International relations|Russia||
PSM-CHOA_20130923_00480.xml|264|QASTSC343743666|International relations|China||
PSM-CHOA_20130923_00480.xml|264|QASTSC343743666|History|China||
PSM-CHOA_20130923_00480.xml|265|TTQJDE360792808|History|Austria||
PSM-CHOA_20130923_00480.xml|266|XXRDFG395824509|History|sample||
PSM-CHOA_20130923_00480.xml|267|OAPJDF647392697|History|Egypt||
PSM-CHOA_20130923_00480.xml|267|OAPJDF647392697|History|United Kingdom||
PSM-CHOA_20130923_00480.xml|268|LBRAYN454274106|History|United Kingdom||
PSM-CHOA_20130923_00480.xml|270|SYMBLY023431200|History|United States||
PSM-CHOA_20130923_00480.xml|270|SYMBLY023431200|Economics|United States||
PSM-CHOA_20130923_00480.xml|271|DLEZMU273550728|Economics|India||
PSM-CHOA_20130923_00480.xml|271|DLEZMU273550728|Economics|India||
PSM-CHOA_20130923_00480.xml|272|ENWANC374967339|Economics|Germany||
PSM-CHOA_20130923_00480.xml|273|TMHYIZ892921368|Economics|Western Europe||
PSM-CHOA_20130923_00480.xml|273|TMHYIZ892921368|Economics|United Kingdom||
PSM-CHOA_20130923_00480.xml|273|TMHYIZ892921368|Foreign policy|United Kingdom||
PSM-CHOA_20130923_00480.xml|273|TMHYIZ892921368|International relations|United Kingdom||
PSM-CHOA_20130923_00480.xml|274|BHTWIW119098890|International relations|China||
PSM-CHOA_20130923_00480.xml|274|BHTWIW119098890|International relations|Myanmar||
PSM-CHOA_20130923_00480.xml|274|BHTWIW119098890|International relations|United States||
PSM-CHOA_20130923_00480.xml|274|BHTWIW119098890|International relations|United Kingdom||
PSM-CHOA_20130923_00480.xml|275|IHBZLW224460568|International relations|Italy||
PSM-CHOA_20130923_00480.xml|275|IHBZLW224460568|Politics|Italy||
PSM-CHOA_20130923_00480.xml|276|LIZVSU494723523|Human rights|Italy||
PSM-CHOA_20130923_00480.xml|277|PTITCF973512344|Human rights|Zimbabwe||
PSM-CHOA_20130923_00480.xml|277|PTITCF973512344|Human rights|Malawi||
PSM-CHOA_20130923_00480.xml|278|FCKIRF926627855|Human rights|Russia||
PSM-CHOA_20130923_00480.xml|278|FCKIRF926627855|Human rights|United Kingdom||
PSM-CHOA_20130923_00480.xml|279|LFFLYD750594903|Human rights|Western Europe||
PSM-CHOA_20130923_00480.xml|279|LFFLYD750594903|Terrorism|Western Europe||
PSM-CHOA_20130923_00480.xml|280|LYDXYA244509303|Terrorism|Western Europe||
PSM-CHOA_20130923_00480.xml|281|VDLZFA085356753|Terrorism|Western Europe||
PSM-CHOA_20130923_00480.xml|281|VDLZFA085356753|Terrorism|Sweden||
PSM-CHOA_20130923_00480.xml|281|VDLZFA085356753|Politics|Sweden||
PSM-CHOA_20130923_00480.xml|282|BFATKE627810993|Politics|Asia||
PSM-CHOA_20130923_00480.xml|282|BFATKE627810993|Food|Asia||
PSM-CHOA_20130923_00480.xml|283|BHYCNF517563003|Food|Germany||
PSM-CHOA_20130923_00480.xml|283|BHYCNF517563003|Food|Russia||
PSM-CHOA_20130923_00480.xml|283|BHYCNF517563003|Wars|Russia||
PSM-CHOA_20130923_00480.xml|284|GPDROY298255790|Wars|China||
PSM-CHOA_20130923_00480.xml|284|GPDROY298255790|Wars|Japan||
PSM-CHOA_20130923_00480.xml|284|GPDROY298255790|Wars|United States||
PSM-CHOA_20130923_00480.xml|284|GPDROY298255790|Wars|United Kingdom||
PSM-CHOA_20130923_00480.xml|286|PZXDER645432750|Wars|Germany||
PSM-CHOA_20130923_00480.xml|286|PZXDER645432750|Politics|Germany||
PSM-CHOA_20130923_00480.xml|287|PILTZZ935481904|Politics|France||
PSM-CHOA_20130923_00480.xml|288|GVJGHE991072309|Politics|Zimbabwe||
PSM-CHOA_20130923_00480.xml|288|GVJGHE991072309|Politics|Malawi||
PSM-CHOA_20130923_00480.xml|288|GVJGHE991072309|Politics|United Kingdom||
PSM-CHOA_20130923_00480.xml|289|FNNWKJ885664291|Politics|France||
PSM-CHOA_20130923_00480.xml|290|UIBAXJ006537938|Politics|Myanmar||
PSM-CHOA_20130923_00480.xml|291|BZWFER720973328|Politics|Germany||
PSM-CHOA_20130923_00480.xml|291|BZWFER720973328|Politics|United Kingdom||
PSM-CHOA_20130923_00480.xml|292|USWEUW555567551|Politics|Germany||
PSM-CHOA_20130923_00480.xml|295|LSGHKO855917539|Politics|Zimbabwe||
PSM-CHOA_20130923_00480.xml|295|LSGHKO855917539|Politics|South Africa||
PSM-CHOA_20130923_00480.xml|295|LSGHKO855917539|Politics|Africa||
PSM-CHOA_20130923_00480.xml|295|LSGHKO855917539|Race relations|Africa||
PSM-CHOA_20130923_00480.xml|297|GVNTDR555562775|Race relations|Russia||
PSM-CHOA_20130923_00480.xml|299|HIRVJE481988496|Race relations|Pakistan||
PSM-CHOA_20130923_00480.xml|299|HIRVJE481988496|Race relations|India||
PSM-CHOA_20130923_00480.xml|299|HIRVJE481988496|Foreign policy|India||
PSM-CHOA_20130923_00480.xml|299|HIRVJE481988496|International relations|India||
PSM-CHOA_20130923_00480.xml|301|TOGPAY196743952|International relations|United Kingdom||
PSM-CHOA_20130923_00480.xml|302|DPLXOM565961028|International relations|Nigeria||
PSM-CHOA_20130923_00480.xml|302|DPLXOM565961028|International relations|Africa||
PSM-CHOA_20130923_00480.xml|302|DPLXOM565961028|Public finance|Africa||
PSM-CHOA_20130923_00480.xml|302|DPLXOM565961028|Investments|Africa||
PSM-CHOA_20130923_00480.xml|303|XRZPJO473796051|Investments|France||
PSM-CHOA_20130923_00480.xml|304|LZSCHX193835433|Investments|Mali||
PSM-CHOA_20130923_00480.xml|304|LZSCHX193835433|Investments|Africa||
PSM-CHOA_20130923_00480.xml|304|LZSCHX193835433|Foreign policy|Africa||
PSM-CHOA_20130923_00480.xml|305|BCFXLD222836632|Foreign policy|United Kingdom||
PSM-CHOA_20130923_00480.xml|307|VQQNKE637135117|Foreign policy|East Asia||
PSM-CHOA_20130923_00480.xml|307|VQQNKE637135117|Foreign policy|Asia||
PSM-CHOA_20130923_00480.xml|308|PZKEJE775537828|Foreign policy|Russia||
PSM-CHOA_20130923_00480.xml|308|PZKEJE775537828|Foreign policy|United Kingdom||
PSM-CHOA_20130923_00480.xml|308|PZKEJE775537828|Foreign policy|United Kingdom||
PSM-CHOA_20130923_00480.xml|308|PZKEJE775537828|International relations|United Kingdom||
PSM-CHOA_20130923_00480.xml|309|QLRRPS054221657|International relations|Germany||
PSM-CHOA_20130923_00480.xml|309|QLRRPS054221657|International relations|Europe||
PSM-CHOA_20130923_00480.xml|309|QLRRPS054221657|International trade|Europe||
PSM-CHOA_20130923_00480.xml|309|QLRRPS054221657|Economic development|Europe||
PSM-CHOA_20130923_00480.xml|309|QLRRPS054221657|International relations|Europe||
PSM-CHOA_20130923_00480.xml|310|ZVEPKZ969288354|International relations|Russia||
PSM-CHOA_20130923_00480.xml|310|ZVEPKZ969288354|International relations|France||
PSM-CHOA_20130923_00480.xml|310|ZVEPKZ969288354|Foreign policy|France||
PSM-CHOA_20130923_00480.xml|311|ROULEI341454649|Foreign policy|Middle East||
PSM-CHOA_20130923_00480.xml|311|ROULEI341454649|Foreign policy|Western Europe||
PSM-CHOA_20130923_00480.xml|311|ROULEI341454649|Foreign policy|Indiana||
PSM-CHOA_20130923_00480.xml|311|ROULEI341454649|Foreign policy|Russia||
PSM-CHOA_20130923_00480.xml|312|HPIRMR799541932|Foreign policy|Western Europe||
PSM-CHOA_20130923_00480.xml|312|HPIRMR799541932|Foreign policy|United Kingdom||
PSM-CHOA_20130923_00480.xml|313|HTMKMO910759306|Foreign policy|Pakistan||
PSM-CHOA_20130923_00480.xml|313|HTMKMO910759306|Foreign policy|India||
PSM-CHOA_20130923_00480.xml|313|HTMKMO910759306|Food|India||
PSM-CHOA_20130923_00480.xml|314|TVUIFZ027295733|Food|South Africa||
PSM-CHOA_20130923_00480.xml|315|DTSJZV356143974|Food|Eastern Europe||
PSM-CHOA_20130923_00480.xml|315|DTSJZV356143974|Food|Western Europe||
PSM-CHOA_20130923_00480.xml|315|DTSJZV356143974|Food|Russia||
PSM-CHOA_20130923_00480.xml|315|DTSJZV356143974|International relations|Russia||
PSM-CHOA_20130923_00480.xml|316|GDMHDS241532306|International relations|South Africa||
PSM-CHOA_20130923_00480.xml|317|PHTSFO283985403|International relations|Poland||
PSM-CHOA_20130923_00480.xml|318|AREWUD871991962|International relations|United States||
PSM-CHOA_20130923_00480.xml|318|AREWUD871991962|International relations|France||
PSM-CHOA_20130923_00480.xml|318|AREWUD871991962|International relations|United Kingdom||
PSM-CHOA_20130923_00480.xml|318|AREWUD871991962|International relations|England||
PSM-CHOA_20130923_00480.xml|318|AREWUD871991962|Finance|England||
PSM-CHOA_20130923_00480.xml|319|RKLVLG119233421|Finance|North America||
PSM-CHOA_20130923_00480.xml|321|EYDMAY583400373|Finance|Western Europe||
PSM-CHOA_20130923_00480.xml|321|EYDMAY583400373|Finance|United Kingdom||
PSM-CHOA_20130923_00480.xml|321|EYDMAY583400373|Foreign policy|United Kingdom||
PSM-CHOA_20130923_00480.xml|321|EYDMAY583400373|International relations|United Kingdom||
PSM-CHOA_20130923_00480.xml|322|SMRJPX854534578|International relations|Western Europe||
PSM-CHOA_20130923_00480.xml|322|SMRJPX854534578|International relations|Poland||
PSM-CHOA_20130923_00480.xml|322|SMRJPX854534578|International trade|Poland||
PSM-CHOA_20130923_00480.xml|322|SMRJPX854534578|Economics|Poland||
PSM-CHOA_20130923_00480.xml|323|LQAEHQ002415864|Economics|Guadeloupe||
PSM-CHOA_20130923_00480.xml|323|LQAEHQ002415864|Public finance|Guadeloupe||
PSM-CHOA_20130923_00480.xml|323|LQAEHQ002415864|Imperialism|Guadeloupe||
PSM-CHOA_20130923_00480.xml|324|XOYBYT209044253|Imperialism|Eastern Europe||
PSM-CHOA_20130923_00480.xml|324|XOYBYT209044253|Imperialism|Europe||
PSM-CHOA_20130923_00480.xml|324|XOYBYT209044253|Democracy|Europe||
PSM-CHOA_20130923_00480.xml|324|XOYBYT209044253|Politics|Europe||
PSM-CHOA_20130923_00480.xml|325|BLLASG617471434|Politics|Canada||
PSM-CHOA_20130923_00480.xml|326|ZHNGQV534704113|Politics|Germany||
PSM-CHOA_20130923_00480.xml|327|ABPZZJ394183783|Politics|Middle East||
PSM-CHOA_20130923_00480.xml|328|TUTZPJ781119269|Politics|Western Europe||
PSM-CHOA_20130923_00480.xml|328|TUTZPJ781119269|Politics|United Kingdom||
PSM-CHOA_20130923_00480.xml|328|TUTZPJ781119269|Politics|Europe||
PSM-CHOA_20130923_00480.xml|329|VWAGQS115175475|Politics|China||
PSM-CHOA_20130923_00480.xml|329|VWAGQS115175475|Politics|Argentina||
PSM-CHOA_20130923_00480.xml|329|VWAGQS115175475|Politics|Asia||
PSM-CHOA_20130923_00480.xml|329|VWAGQS115175475|Communism|Asia||
PSM-CHOA_20130923_00480.xml|331|LXFJQT355185875|Communism|South Africa||
PSM-CHOA_20130923_00480.xml|331|LXFJQT355185875|Communism|Western Europe||
PSM-CHOA_20130923_00480.xml|331|LXFJQT355185875|Communism|United Kingdom||
PSM-CHOA_20130923_00480.xml|331|LXFJQT355185875|Communism|Latin America||
PSM-CHOA_20130923_00480.xml|331|LXFJQT355185875|Imperialism|Latin America||
PSM-CHOA_20130923_00480.xml|331|LXFJQT355185875|International relations|Latin America||
PSM-CHOA_20130923_00480.xml|332|HUDXRD927912204|International relations|Western Europe||
PSM-CHOA_20130923_00480.xml|332|HUDXRD927912204|International relations|Russia||
PSM-CHOA_20130923_00480.xml|332|HUDXRD927912204|International relations|Europe||
PSM-CHOA_20130923_00480.xml|332|HUDXRD927912204|Politics|Europe||
PSM-CHOA_20130923_00480.xml|333|YWMQJN147909295|Politics|United States||
PSM-CHOA_20130923_00480.xml|333|YWMQJN147909295|Politics|United Kingdom||
PSM-CHOA_20130923_00480.xml|333|YWMQJN147909295|Democracy|United Kingdom||
PSM-CHOA_20130923_00480.xml|333|YWMQJN147909295|Economics|United Kingdom||
PSM-CHOA_20130923_00480.xml|333|YWMQJN147909295|Politics|United Kingdom||
PSM-CHOA_20130923_00480.xml|333|YWMQJN147909295|Economic policy|United Kingdom||
PSM-CHOA_20130923_00480.xml|334|ACRREI053298215|Economic policy|Europe||
PSM-CHOA_20130923_00480.xml|335|FVBIRV493917196|Economic policy|Southeast Asia||
PSM-CHOA_20130923_00480.xml|335|FVBIRV493917196|Economic policy|United Kingdom||
PSM-CHOA_20130923_00480.xml|337|DVOJRT373658233|Economic policy|Southeast Asia||
PSM-CHOA_20130923_00480.xml|337|DVOJRT373658233|Economic policy|Thailand||
PSM-CHOA_20130923_00480.xml|337|DVOJRT373658233|Economic policy|Indonesia||
PSM-CHOA_20130923_00480.xml|337|DVOJRT373658233|Economic policy|Asia||
PSM-CHOA_20130923_00480.xml|337|DVOJRT373658233|Armed forces|Asia||
PSM-CHOA_20130923_00480.xml|338|GYLLSN012197287|Armed forces|Germany||
PSM-CHOA_20130923_00480.xml|338|GYLLSN012197287|Armed forces|Poland||
PSM-CHOA_20130923_00480.xml|341|MIZWLI084011729|Armed forces|Germany||
PSM-CHOA_20130923_00480.xml|341|MIZWLI084011729|International trade|Germany||
PSM-CHOA_20130923_00480.xml|341|MIZWLI084011729|Trade policy|Germany||
PSM-CHOA_20130923_00480.xml|341|MIZWLI084011729|Economics|Germany||
PSM-CHOA_20130923_00480.xml|341|MIZWLI084011729|International relations|Germany||
