cho_rsxx_1937-1938_0001_000_0000;Refugee Survey;1;Contents;English
cho_rsxx_1937-1938_0001_000_0000;Refugee Survey;2;Les Origines De L'Emigration Russe Note Sommaire;French
cho_rsxx_1937-1938_0001_000_0000;Refugee Survey;3;Composition De L'Emigration Russe;French
cho_rsxx_1937-1938_0001_000_0000;Refugee Survey;4;Renseignements Statistiques Sur Les Refugies Russes a Varna, 1919-1922;French
cho_rsxx_1937-1938_0001_000_0000;Refugee Survey;5;Condition Des Refugies Russes En Belgique;French
cho_rsxx_1937-1938_0001_000_0000;Refugee Survey;6;Statut Juridique Des Refugies Russes En France en rapport avec Les Conventions De Geneve;French
cho_rsxx_1937-1938_0001_000_0000;Refugee Survey;7;Statut Juridique Des Refugies Russes En France;French
cho_rsxx_1937-1938_0001_000_0000;Refugee Survey;8;Service Militaire Des Refugies Russes En France;French
cho_rsxx_1937-1938_0001_000_0000;Refugee Survey;9;Extraits De Memoire Sur L'utilisation Des Subventions Accordees Par Le Comite De Repartition Du Produit Du Timbre Nansen Aux Organisations De Refugies Russes En France Pendant L'annee 1936;French
cho_rsxx_1937-1938_0001_000_0000;Refugee Survey;10;Condition Des Refugies Russes En Bulgarie;French
cho_rsxx_1937-1938_0001_000_0000;Refugee Survey;11;Condition Des Refugies Russes En Tchecoslovaquie;French
cho_rsxx_1937-1938_0001_000_0000;Refugee Survey;12;Condition Des Refugies Russes En Yougoslavie;French
cho_rsxx_1937-1938_0001_000_0000;Refugee Survey;13;La Condition Des Refugies Russes En Roumanie;French
cho_rsxx_1937-1938_0001_000_0000;Refugee Survey;14;La Condition Des Refugies Russes En Pologne;French
cho_rsxx_1937-1938_0002_000_0000;Refugee Survey;1;Contents;French
cho_rsxx_1937-1938_0002_000_0000;Refugee Survey;2;La Condition Des Refugies Russes En Estonie;French
cho_rsxx_1937-1938_0002_000_0000;Refugee Survey;3;Strictly Confidential March 1938;French
cho_rsxx_1937-1938_0002_000_0000;Refugee Survey;4;La Condition Des Refugies Russes En Lettonie;French
cho_rsxx_1937-1938_0002_000_0000;Refugee Survey;4;La Condition Des Refugies Russes En Lettonie;French
cho_rsxx_1937-1938_0002_000_0000;Refugee Survey;5;Condition Des Refugies Russes En Finlande;French
cho_rsxx_1937-1938_0002_000_0000;Refugee Survey;6;La Situation Des Enfants De Refugies Russes Et Le Probleme Scolaire;French
cho_rsxx_1937-1938_0002_000_0000;Refugee Survey;7;L'eglise Russe a L'etranger;French
cho_rsxx_1937-1938_0002_000_0000;Refugee Survey;8;Organisations Privees Des Refugies Russes;French
cho_rsxx_1937-1938_0002_000_0000;Refugee Survey;9;The Great Exodus - Russian text;Russian
cho_rsxx_1937-1938_0002_000_0000;Refugee Survey;10;Great Exodus;English
cho_rsxx_1937-1938_0002_000_0000;Refugee Survey;11;Summary of the Ms. By J. V. Hessen.- February 1938;English
cho_rsxx_1937-1938_0002_000_0000;Refugee Survey;12;The Russian Emigration its Origin and Development;English
cho_rsxx_1937-1938_0002_000_0000;Refugee Survey;13;Twenty Years of Russian Emigration;English
cho_rsxx_1937-1938_0003_000_0000;Refugee Survey;1;Contents;English
cho_rsxx_1937-1938_0003_000_0000;Refugee Survey;2;Bericht über Belgien;German
cho_rsxx_1937-1938_0003_000_0000;Refugee Survey;3;Bericht über die Deutsche Emigration in Frankreich;German
cho_rsxx_1937-1938_0003_000_0000;Refugee Survey;4;Das Holländische Hilfswerk für die Deutschen Emigranten;German
cho_rsxx_1937-1938_0003_000_0000;Refugee Survey;5;Die Saar-Emigranten;German
cho_rsxx_1937-1938_0003_000_0000;Refugee Survey;6;Tschechoslowakei;German
cho_rsxx_1937-1938_0003_000_0000;Refugee Survey;7;Bericht über Skandinavien;German
cho_rsxx_1937-1938_0003_000_0000;Refugee Survey;8;Ueber die Grundlage und die Entwicklung des Antisemitismus im National Sozialistischen Total Staat;German
cho_rsxx_1937-1938_0003_000_0000;Refugee Survey;9;Der Antisemitismus im Nationalsozialistischen Staat;German
cho_rsxx_1937-1938_0003_000_0000;Refugee Survey;10;Verfolgung Der Juden im Nationalsozialistischen Staat;German
cho_rsxx_1937-1938_0003_000_0000;Refugee Survey;11;Political Refugees from Germany;English
cho_rsxx_1937-1938_0003_000_0000;Refugee Survey;12;Die Hilfsorganisationen Fuer Deutsche Emigranten;German
cho_rsxx_1937-1938_0003_000_0000;Refugee Survey;13;Die Ursachen Der Politischen Emigration;German
cho_rsxx_1937-1938_0003_000_0000;Refugee Survey;14;Ueber die Verfolgung Politischer Delikte im National Sozialistischen Deutschland;German
cho_rsxx_1937-1938_0003_000_0000;Refugee Survey;15;Allgemeiner Ueberblick über die Deutsche Emigration;German
cho_rsxx_1937-1938_0003_000_0000;Refugee Survey;16;Kuendigung Eines Juedischen Arbeitnehmers;German
cho_rsxx_1937-1938_0003_000_0000;Refugee Survey;17;Deutsche Emigranten-Literatur 1933 - 1937;German
cho_rsxx_1937-1938_0003_000_0000;Refugee Survey;18;Juedische Auswanderung Aus Deutschland Im Jarre 1937;German
cho_rsxx_1937-1938_0003_000_0000;Refugee Survey;19;Die Juden in Oesterreich;German
cho_rsxx_1937-1938_0004_000_0000;Refugee Survey;1;Contents;English
cho_rsxx_1937-1938_0004_000_0000;Refugee Survey;2;Front Matter;English
cho_rsxx_1937-1938_0004_000_0000;Refugee Survey;3;La Situation des Emigrés Politiques Italiens en France;French
cho_rsxx_1937-1938_0004_000_0000;Refugee Survey;4;Italian Refugees;English
cho_rsxx_1937-1938_0004_000_0000;Refugee Survey;5;Rapport Sur L'emigration Portugaise Refugies Politiques;French
cho_rsxx_1937-1938_0005_000_0000;Refugee Survey;1;Contents;English
cho_rsxx_1937-1938_0005_000_0000;Refugee Survey;2;The Legal Status of Refugees;English
cho_rsxx_1937-1938_0005_000_0000;Refugee Survey;3;Note on Expulsions;English
cho_rsxx_1937-1938_0005_000_0000;Refugee Survey;4;Expulsion on France;French
cho_rsxx_1937-1938_0005_000_0000;Refugee Survey;5;Memorandum on Expulsions in France;English
cho_rsxx_1937-1938_0005_000_0000;Refugee Survey;6;Reply of M. Albert Francois for Belgium to questionnaire of Dr. A. Goldenweiser;French
cho_rsxx_1937-1938_0005_000_0000;Refugee Survey;7;Note on Expulsions;French
cho_rsxx_1937-1938_0005_000_0000;Refugee Survey;8;Exercice En Belgique Des Professions De Medecin, De Dentiste, De Pharmacien;English
cho_rsxx_1937-1938_0005_000_0000;Refugee Survey;9;Bibliographie;French
cho_rsxx_1937-1938_0005_000_0000;Refugee Survey;10;Les Mesures De Denationalisation Du Gouvernement Soviettque Al'egard Des Refugies Russes;French
cho_rsxx_1937-1938_0005_000_0000;Refugee Survey;11;Les Consequences Eventuelles De La Disparition Du Centre International De Protection Des Refugies;French
cho_rsxx_1937-1938_0005_000_0000;Refugee Survey;12;Memorandum on the work of the Nansen Office;French
cho_rsxx_1937-1938_0005_000_0000;Refugee Survey;13;Reply to Questionnaire of Dr. A. Golden weiser on the legal position of Russian refugees in Greece and Turkey;English
cho_rsxx_1937-1938_0006_000_0000;Refugee Survey;1;Front Matter;English
cho_rsxx_1937-1938_0006_000_0000;Refugee Survey;2;Front Matter;English
cho_rsxx_1937-1938_0006_000_0000;Refugee Survey;3;Front Matter;English
cho_rsxx_1937-1938_0006_000_0000;Refugee Survey;4;Schema;German
cho_rsxx_1937-1938_0006_000_0000;Refugee Survey;5;Quellenverzeichnis;German
cho_rsxx_1937-1938_0006_000_0000;Refugee Survey;6;Index;German
cho_rsxx_1937-1938_0006_000_0000;Refugee Survey;7;Aegypten;German
cho_rsxx_1937-1938_0006_000_0000;Refugee Survey;8;Belgien;German
cho_rsxx_1937-1938_0006_000_0000;Refugee Survey;9;Bulgarien;German
cho_rsxx_1937-1938_0006_000_0000;Refugee Survey;10;Daenemark;German
cho_rsxx_1937-1938_0006_000_0000;Refugee Survey;11;Deutschland;German
cho_rsxx_1937-1938_0006_000_0000;Refugee Survey;12;England;German
cho_rsxx_1937-1938_0006_000_0000;Refugee Survey;13;Estland;German
cho_rsxx_1937-1938_0006_000_0000;Refugee Survey;14;Finnland;German
cho_rsxx_1937-1938_0006_000_0000;Refugee Survey;15;Frankreich;German
cho_rsxx_1937-1938_0006_000_0000;Refugee Survey;16;Griechenland;German
cho_rsxx_1937-1938_0006_000_0000;Refugee Survey;17;Holland;German
cho_rsxx_1937-1938_0006_000_0000;Refugee Survey;18;Italien;German
cho_rsxx_1937-1938_0006_000_0000;Refugee Survey;19;Jugoslawien;German
cho_rsxx_1937-1938_0006_000_0000;Refugee Survey;20;Lettland;German
cho_rsxx_1937-1938_0006_000_0000;Refugee Survey;21;Litauen;German
cho_rsxx_1937-1938_0006_000_0000;Refugee Survey;22;Luxembourg;German
cho_rsxx_1937-1938_0006_000_0000;Refugee Survey;23;Norwegen;German
cho_rsxx_1937-1938_0006_000_0000;Refugee Survey;24;Polen;German
cho_rsxx_1937-1938_0006_000_0000;Refugee Survey;25;Schweden;German
cho_rsxx_1937-1938_0006_000_0000;Refugee Survey;26;Schweiz;German
cho_rsxx_1937-1938_0006_000_0000;Refugee Survey;27;Tschechoslowakei;German
cho_rsxx_1937-1938_0006_000_0000;Refugee Survey;28;Tuerkei;German
cho_rsxx_1937-1938_0006_000_0000;Refugee Survey;29;Back Matter;English
cho_rsxx_1937-1938_0006_000_0000;Refugee Survey;30;Reports on the legal position of Russian refugees sent by Mr. Goldenweiser to the Royal Institute of International Affairs;English
cho_rsxx_1937-1938_0007_000_0000;Refugee Survey;1;Contents;English
cho_rsxx_1937-1938_0007_000_0000;Refugee Survey;2;Report on Russian, Armenian, Spanish, Italian, Saar and German Refugees in France;English
cho_rsxx_1937-1938_0007_000_0000;Refugee Survey;3;The Development of Industries Established by Jewish Refugees in the Netherlands;English
cho_rsxx_1937-1938_0007_000_0000;Refugee Survey;4;The Economic Achievement of the Jewish Emigration in the Netherlands;English
cho_rsxx_1937-1938_0007_000_0000;Refugee Survey;5;Der Beitrag der jüdischen Emigration aus Deutschland zum belgischen Wirtschaftsleben;German
cho_rsxx_1937-1938_0007_000_0000;Refugee Survey;6;Memorandum of an Interview of Sir John Hope Simpson with Mr. Charles Zarine, Latvian Minister in London, 10th January 1938 at Warren Court;English
cho_rsxx_1937-1938_0007_000_0000;Refugee Survey;7;The Position of Russian Refugees in Latvia;English
cho_rsxx_1937-1938_0007_000_0000;Refugee Survey;8;Enquiry into condition of Russian Refugees in Lithuania - Russian text;English
cho_rsxx_1937-1938_0007_000_0000;Refugee Survey;9;Enquiry into the Position of the Russian Refugees in Lithuania;English
cho_rsxx_1937-1938_0007_000_0000;Refugee Survey;10;Czechoslovak Legation;English
cho_rsxx_1937-1938_0007_000_0000;Refugee Survey;11;Etude sur la situation des réfugiés bulgares en Bulgarie;French
cho_rsxx_1937-1938_0007_000_0000;Refugee Survey;12;Report on the Russian Refugees in Jugoslavia;English
cho_rsxx_1937-1938_0007_000_0000;Refugee Survey;13;Demography of the Russian Emigration in Belgrade;English
cho_rsxx_1937-1938_0007_000_0000;Refugee Survey;14;The Economic Position of the Russian Refugees in Yugoslavia;English
cho_rsxx_1937-1938_0007_000_0000;Refugee Survey;15;Copy of Letter from Professor D. Tomasic to the Director regarding Russian Refugees in Yugoslavia;English
cho_rsxx_1937-1938_0007_000_0000;Refugee Survey;16;Questionnaire for Children Attending Russian Schools in Yugoslavia;English
cho_rsxx_1937-1938_0008_000_0000;Refugee Survey;1;Contents;English
cho_rsxx_1937-1938_0008_000_0000;Refugee Survey;2;The Refugee Question in the Near East;English
cho_rsxx_1937-1938_0008_000_0000;Refugee Survey;3;Survey of Refugee Conditions in the Near East;English
cho_rsxx_1937-1938_0008_000_0000;Refugee Survey;4;Réponse au questionnaire de M. le Dr. Stoupnitzky au sujet des refuglés russes en Turquie;French
cho_rsxx_1937-1938_0008_000_0000;Refugee Survey;5;Reply to Dr. Meusel's questionnaire re the German professors etc. in Turkey;English
cho_rsxx_1937-1938_0008_000_0000;Refugee Survey;6;Egypt: Reply to questionnaire on the position of refugees in Egypt through the Egyptian Embassy in London;English
cho_rsxx_1937-1938_0008_000_0000;Refugee Survey;7;R. M. Graves: Notes on Russian and Armenian residents in Egypt;English
cho_rsxx_1937-1938_0009_000_0000;Refugee Survey;1;Contents;English
cho_rsxx_1937-1938_0009_000_0000;Refugee Survey;2;Situation of Refugees in the United States;English
cho_rsxx_1937-1938_0009_000_0000;Refugee Survey;3;Questionnaire on Russian Refugees in U. S. A.;English
cho_rsxx_1937-1938_0009_000_0000;Refugee Survey;4;Answers to the Questionnaire on Russian Refugees in Northern California;English
cho_rsxx_1937-1938_0009_000_0000;Refugee Survey;5;No. 1 Concerning the Chicago Area and suburbs;English
cho_rsxx_1937-1938_0009_000_0000;Refugee Survey;6;Report on the Russian Refugees of the State of Washington;English
cho_rsxx_1937-1938_0009_000_0000;Refugee Survey;7;Report on Colonization Work among Christian German Refugees in Colombia, South America;English
cho_rsxx_1937-1938_0010_000_0000;Refugee Survey;1;Contents;English
cho_rsxx_1937-1938_0010_000_0000;Refugee Survey;2;Statistical Survey of the Russian Emigrants Community in Shanghai for the Year of 1937;English
cho_rsxx_1937-1938_0010_000_0000;Refugee Survey;3;Statistics of Employment for Russian Emigrants in Shanghai;English
cho_rsxx_1937-1938_0010_000_0000;Refugee Survey;4;Statistics of Unemployment for Russian Emigrants in Shanghai;English
cho_rsxx_1937-1938_0010_000_0000;Refugee Survey;5;Answers to Questionaire on Russian Refugees in Tientsin;English
cho_rsxx_1937-1938_0010_000_0000;Refugee Survey;6;Comments: Russian Refugees in Hankow (China);English
cho_rsxx_1937-1938_0010_000_0000;Refugee Survey;7;Summary of Statistical Information regarding Status of the Russian Emigrants in Shanghai;English
cho_rsxx_1937-1938_0010_000_0000;Refugee Survey;8;Reports on Russian Refugees in Manchukuo;English
cho_rsxx_1937-1938_0010_000_0000;Refugee Survey;9;Notes on an Interview: Sir John Hope Simpson with Miss Mildred Cable and Miss French on the 17th January 1938 at Warren Court;English
cho_rsxx_1937-1938_0010_000_0000;Refugee Survey;10;Notes of Sir John Hope Simpson's Interview with M. Marco Pavlovsky, 11 Oct. 1937;English
cho_rsxx_1937-1938_0011_000_0000;Refugee Survey;1;Contents;English
cho_rsxx_1937-1938_0011_000_0000;Refugee Survey;2;Statistical Notes by Miss Liepmann: Bulgaria;English
cho_rsxx_1937-1938_0011_000_0000;Refugee Survey;3;Statistical Notes by Miss Liepmann: Czechoslovakia;English
cho_rsxx_1937-1938_0011_000_0000;Refugee Survey;4;Statistical Notes by Miss Liepmann: France;English
cho_rsxx_1937-1938_0011_000_0000;Refugee Survey;5;Statistical Notes by Miss Liepmann: Russian Refugees in Germany;English
cho_rsxx_1937-1938_0011_000_0000;Refugee Survey;6;Statistical Notes by Miss Liepmann: Greece;English
cho_rsxx_1937-1938_0011_000_0000;Refugee Survey;7;Statistical Notes by Miss Liepmann: Latvia;English
cho_rsxx_1937-1938_0011_000_0000;Refugee Survey;8;Statistical Notes by Miss Liepmann: Poland;English
cho_rsxx_1937-1938_0011_000_0000;Refugee Survey;9;Statistical Notes on Roumania (18 million inhabitants);English
cho_rsxx_1937-1938_0011_000_0000;Refugee Survey;10;Statistical Notes by Miss Liepmann: Yugoslavia;English
cho_rsxx_1937-1938_0011_000_0000;Refugee Survey;11;Statistical Notes by Miss Liepmann: Armenian Refugees in Syria;English
cho_rsxx_1937-1938_0011_000_0000;Refugee Survey;12;Note by Miss K. Liepmann: Peculiar Difficulties in Compiling Statistics of German Refugees, Revealing Particulars of their Situation and Composition;English
cho_rsxx_1937-1938_0011_000_0000;Refugee Survey;13;Voluntary Aid and the Refugees;English
cho_rsxx_1938_simpson_000_0000;Refugee Survey;1;Front Matter;English
cho_rsxx_1938_simpson_000_0000;Refugee Survey;2;Front Matter;English
cho_rsxx_1938_simpson_000_0000;Refugee Survey;3;Front Matter;English
cho_rsxx_1938_simpson_000_0000;Refugee Survey;4;Preface;English
cho_rsxx_1938_simpson_000_0000;Refugee Survey;5;Contents;English
cho_rsxx_1938_simpson_000_0000;Refugee Survey;6;Introductory;English
cho_rsxx_1938_simpson_000_0000;Refugee Survey;7;Section I Origins of the Existing Refugee Situation;English
cho_rsxx_1938_simpson_000_0000;Refugee Survey;8;(i) Greek Refugees;English
cho_rsxx_1938_simpson_000_0000;Refugee Survey;9;(ii) Bulgarian Refugees;English
cho_rsxx_1938_simpson_000_0000;Refugee Survey;10;(iii) Turkish Refugees;English
cho_rsxx_1938_simpson_000_0000;Refugee Survey;11;(a) Movement of Turkish Refugees into Turkey;English
cho_rsxx_1938_simpson_000_0000;Refugee Survey;12;(b) Movement of Turkish Refugees out of Turkey;English
cho_rsxx_1938_simpson_000_0000;Refugee Survey;13;(iv) Armenian Refugees;English
cho_rsxx_1938_simpson_000_0000;Refugee Survey;14;(a) The Exodus;English
cho_rsxx_1938_simpson_000_0000;Refugee Survey;15;(b) Settlement;English
cho_rsxx_1938_simpson_000_0000;Refugee Survey;16;(c) Present Position;English
cho_rsxx_1938_simpson_000_0000;Refugee Survey;17;"(v) The Assyrians &quot; Of Iraq&quot; Under the League of Nations";English
cho_rsxx_1938_simpson_000_0000;Refugee Survey;18;"(vi)&quot; Assyrian, Assyro-Chaldean and Assimilated Refugees,&quot; Under the Nansen Office";English
cho_rsxx_1938_simpson_000_0000;Refugee Survey;19;(vii) Russian Refugees;English
cho_rsxx_1938_simpson_000_0000;Refugee Survey;20;(a) The Exodus, 1919 to 1924;English
cho_rsxx_1938_simpson_000_0000;Refugee Survey;21;(b) Dispersion;English
cho_rsxx_1938_simpson_000_0000;Refugee Survey;22;(c) Stabilization;English
cho_rsxx_1938_simpson_000_0000;Refugee Survey;23;(d) Structure of the Emigration;English
cho_rsxx_1938_simpson_000_0000;Refugee Survey;24;(viii) Italian Refugees;English
cho_rsxx_1938_simpson_000_0000;Refugee Survey;25;(ix) German Refugees;English
cho_rsxx_1938_simpson_000_0000;Refugee Survey;26;(x) Refugees from the SAAR;English
cho_rsxx_1938_simpson_000_0000;Refugee Survey;27;(xi) Spanish Refugees;English
cho_rsxx_1938_simpson_000_0000;Refugee Survey;28;(a) Adult Refugees;English
cho_rsxx_1938_simpson_000_0000;Refugee Survey;29;(b) Refugee Children;English
cho_rsxx_1938_simpson_000_0000;Refugee Survey;30;(xii) Portuguese Refugees;English
cho_rsxx_1938_simpson_000_0000;Refugee Survey;31;Section II Organized Protection and Assistance;English
cho_rsxx_1938_simpson_000_0000;Refugee Survey;32;(i) International Machinery;English
cho_rsxx_1938_simpson_000_0000;Refugee Survey;33;(a) Nansen as High Commissioner;English
cho_rsxx_1938_simpson_000_0000;Refugee Survey;34;(b) Transfer to the International Labour Organization;English
cho_rsxx_1938_simpson_000_0000;Refugee Survey;35;(c) the Nansen International Office for Refugees;English
cho_rsxx_1938_simpson_000_0000;Refugee Survey;36;(d) High Commissions for Refugees from Germany;English
cho_rsxx_1938_simpson_000_0000;Refugee Survey;37;(e) Proposals for Future League Protection;English
cho_rsxx_1938_simpson_000_0000;Refugee Survey;38;(f) Other Work of the League for Refugees;English
cho_rsxx_1938_simpson_000_0000;Refugee Survey;39;(g) Present Position;English
cho_rsxx_1938_simpson_000_0000;Refugee Survey;40;(ii) Legal Aspects;English
cho_rsxx_1938_simpson_000_0000;Refugee Survey;41;(a) Nationality;English
cho_rsxx_1938_simpson_000_0000;Refugee Survey;42;(b) International Arrangements and Conventions;English
cho_rsxx_1938_simpson_000_0000;Refugee Survey;43;(c) Action by Governments;English
cho_rsxx_1938_simpson_000_0000;Refugee Survey;44;Section III Situation in Certain Countries of Refuge;English
cho_rsxx_1938_simpson_000_0000;Refugee Survey;45;(i) France;English
cho_rsxx_1938_simpson_000_0000;Refugee Survey;46;(a) General;English
cho_rsxx_1938_simpson_000_0000;Refugee Survey;47;(b) Administrative Policy;English
cho_rsxx_1938_simpson_000_0000;Refugee Survey;48;(c) Present Situation of Refugees in France;English
cho_rsxx_1938_simpson_000_0000;Refugee Survey;49;(ii) Yugoslavia;English
cho_rsxx_1938_simpson_000_0000;Refugee Survey;50;(iii) Czechoslovakia;English
cho_rsxx_1938_simpson_000_0000;Refugee Survey;51;(a) Russian Refugees;English
cho_rsxx_1938_simpson_000_0000;Refugee Survey;52;(b) German Refugees;English
cho_rsxx_1938_simpson_000_0000;Refugee Survey;53;(iv) Germany;English
cho_rsxx_1938_simpson_000_0000;Refugee Survey;54;(v) Greece;English
cho_rsxx_1938_simpson_000_0000;Refugee Survey;55;(vi) Syria and the Lebanon;English
cho_rsxx_1938_simpson_000_0000;Refugee Survey;56;(a) Armenians;English
cho_rsxx_1938_simpson_000_0000;Refugee Survey;57;(b) Assyrians;English
cho_rsxx_1938_simpson_000_0000;Refugee Survey;58;(c) Russians, Turks and Germans;English
cho_rsxx_1938_simpson_000_0000;Refugee Survey;59;(vii) Palestine;English
cho_rsxx_1938_simpson_000_0000;Refugee Survey;60;(viii) The Far East;English
cho_rsxx_1938_simpson_000_0000;Refugee Survey;61;(a) Manchukuo;English
cho_rsxx_1938_simpson_000_0000;Refugee Survey;62;(b) China;English
cho_rsxx_1938_simpson_000_0000;Refugee Survey;63;(c) Sinkiang;English
cho_rsxx_1938_simpson_000_0000;Refugee Survey;64;(ix) United States of America;English
cho_rsxx_1938_simpson_000_0000;Refugee Survey;65;(a) Russian Refugees;English
cho_rsxx_1938_simpson_000_0000;Refugee Survey;66;(b) German Refugees;English
cho_rsxx_1938_simpson_000_0000;Refugee Survey;67;Section IV Conclusions;English
cho_rsxx_1938_simpson_000_0000;Refugee Survey;68;(i) Previous and Proposed Solutions of the Refugee Problem;English
cho_rsxx_1938_simpson_000_0000;Refugee Survey;69;(a) Repatriation;English
cho_rsxx_1938_simpson_000_0000;Refugee Survey;70;(b) Absorption;English
cho_rsxx_1938_simpson_000_0000;Refugee Survey;71;(c) Suggested Solution by Colonization;English
cho_rsxx_1938_simpson_000_0000;Refugee Survey;72;(ii) The Existing Refugee Problem;English
cho_rsxx_1938_simpson_000_0000;Refugee Survey;73;(iii) The Potential Problem;English
cho_rsxx_1938_simpson_000_0000;Refugee Survey;74;"Appendix Conventions 1933 &amp; 1938";English
cho_rsxx_1938_simpson_000_0000;Refugee Survey;75;Back Matter;English
cho_rsxx_1938_simpson_000_0000;Refugee Survey;76;Back Matter;English
cho_rsxx_1939_simpson_001_0000;Refugee Survey;1;Front Matter;English
cho_rsxx_1939_simpson_001_0000;Refugee Survey;2;Front Matter;English
cho_rsxx_1939_simpson_001_0000;Refugee Survey;3;Front Matter;English
cho_rsxx_1939_simpson_001_0000;Refugee Survey;4;Front Matter;English
cho_rsxx_1939_simpson_001_0000;Refugee Survey;5;Preface;English
cho_rsxx_1939_simpson_001_0000;Refugee Survey;6;Contents;English
cho_rsxx_1939_simpson_001_0000;Refugee Survey;7;Chapter I The General Situation and the Methods Employed to Deal with IT;English
cho_rsxx_1939_simpson_001_0000;Refugee Survey;8;(1) Introductory;English
cho_rsxx_1939_simpson_001_0000;Refugee Survey;9;(2) The Entry of Refugees;English
cho_rsxx_1939_simpson_001_0000;Refugee Survey;10;3. Extent of the Problem;English
cho_rsxx_1939_simpson_001_0000;Refugee Survey;11;4. Settlement;English
cho_rsxx_1939_simpson_001_0000;Refugee Survey;12;Chapter II Changes in Official International Organizations for the Protection of Refugees;English
cho_rsxx_1939_simpson_001_0000;Refugee Survey;13;1. The High Commissioner of the League of Nations;English
cho_rsxx_1939_simpson_001_0000;Refugee Survey;14;2. The Intergovernmental Committee;English
cho_rsxx_1939_simpson_001_0000;Refugee Survey;15;3. Limitation of International Protection at Present Afforded;English
cho_rsxx_1939_simpson_001_0000;Refugee Survey;16;Chapter III Migration from Germany;English
cho_rsxx_1939_simpson_001_0000;Refugee Survey;17;1. Introductory;English
cho_rsxx_1939_simpson_001_0000;Refugee Survey;18;2. The Jews in Germany;English
cho_rsxx_1939_simpson_001_0000;Refugee Survey;19;3. Destination of Jewish Emigrants from Germany;English
cho_rsxx_1939_simpson_001_0000;Refugee Survey;20;4. Children from Germany;English
cho_rsxx_1939_simpson_001_0000;Refugee Survey;21;5. Persecution of the Churches;English
cho_rsxx_1939_simpson_001_0000;Refugee Survey;22;6. Emigration of Christians;English
cho_rsxx_1939_simpson_001_0000;Refugee Survey;23;7. Conclusion;English
cho_rsxx_1939_simpson_001_0000;Refugee Survey;24;Chapter IV Refugees from the Former Czecho-Slovakia and from Italy;English
cho_rsxx_1939_simpson_001_0000;Refugee Survey;25;1. Movements within the Territory Formerly Included in Czecho-Slovakia;English
cho_rsxx_1939_simpson_001_0000;Refugee Survey;26;2. Emigration from Bohemia and Moravia;English
cho_rsxx_1939_simpson_001_0000;Refugee Survey;27;3. Distribution of Refugees from the Former Czecho-Slovakia;English
cho_rsxx_1939_simpson_001_0000;Refugee Survey;28;4. Foreign Jews in Italy;English
cho_rsxx_1939_simpson_001_0000;Refugee Survey;29;Chapter V Refugees in China;English
cho_rsxx_1939_simpson_001_0000;Refugee Survey;30;1. Chinese Refugees;English
cho_rsxx_1939_simpson_001_0000;Refugee Survey;31;2. Refugees from Germany and Austria;English
cho_rsxx_1939_simpson_001_0000;Refugee Survey;32;3. Russian Refugees;English
cho_rsxx_1939_simpson_001_0000;Refugee Survey;33;Chapter VI Countries of Refuge: France, Belgium, and Switzerland;English
cho_rsxx_1939_simpson_001_0000;Refugee Survey;34;1. France;English
cho_rsxx_1939_simpson_001_0000;Refugee Survey;35;2. Belgium;English
cho_rsxx_1939_simpson_001_0000;Refugee Survey;36;3. Switzerland;English
cho_rsxx_1939_simpson_001_0000;Refugee Survey;37;Chapter VII Countries of Refuge: Great Britain, the Netherlands, and Scandinavia;English
cho_rsxx_1939_simpson_001_0000;Refugee Survey;38;1. Great Britain;English
cho_rsxx_1939_simpson_001_0000;Refugee Survey;39;2. The Netherlands;English
cho_rsxx_1939_simpson_001_0000;Refugee Survey;40;3. Scandinavia;English
cho_rsxx_1939_simpson_001_0000;Refugee Survey;41;Chapter VIII Countries of Refuge: Palestine;English
cho_rsxx_1939_simpson_001_0000;Refugee Survey;42;Chapter IX Overseas Countries of Refuge: United States of America;English
cho_rsxx_1939_simpson_001_0000;Refugee Survey;43;1. Quota Conditions;English
cho_rsxx_1939_simpson_001_0000;Refugee Survey;44;2. Distribution of Refugees and their Place in American Life;English
cho_rsxx_1939_simpson_001_0000;Refugee Survey;45;3. Organization of Assistance;English
cho_rsxx_1939_simpson_001_0000;Refugee Survey;46;Chapter X Overseas Countries of Refuge: Latin America;English
cho_rsxx_1939_simpson_001_0000;Refugee Survey;47;1. General Policy;English
cho_rsxx_1939_simpson_001_0000;Refugee Survey;48;2. Proposals for Large-Scale Settlement in British Guiana;English
cho_rsxx_1939_simpson_001_0000;Refugee Survey;49;3. Possibilities of Large-Scale Settlement in San Domingo;English
cho_rsxx_1939_simpson_001_0000;Refugee Survey;50;Chapter XI Overseas Countries of Refuge: British Dominions and the British Colonial Empire;English
cho_rsxx_1939_simpson_001_0000;Refugee Survey;51;1. British Government Policy;English
cho_rsxx_1939_simpson_001_0000;Refugee Survey;52;2. British Dominions;English
cho_rsxx_1939_simpson_001_0000;Refugee Survey;53;3. British Colonial Empire;English
cho_rsxx_1939_simpson_001_0000;Refugee Survey;54;Appendix I Anti-Jewish Legislation in Germany since 1 November 1938;English
cho_rsxx_1939_simpson_001_0000;Refugee Survey;55;Appendix II Distribution of Spanish Refugees in France;English
cho_rsxx_1939_simpson_001_0000;Refugee Survey;56;Back Matter;English
cho_rsxx_1939_simpson_002_0000;Refugee Survey;1;Front Matter;English
cho_rsxx_1939_simpson_002_0000;Refugee Survey;2;Front Matter;English
cho_rsxx_1939_simpson_002_0000;Refugee Survey;3;Front Matter;English
cho_rsxx_1939_simpson_002_0000;Refugee Survey;4;Preface;English
cho_rsxx_1939_simpson_002_0000;Refugee Survey;5;Contents;English
cho_rsxx_1939_simpson_002_0000;Refugee Survey;6;Diagrams and Maps;English
cho_rsxx_1939_simpson_002_0000;Refugee Survey;7;Chapter I Introductory;English
cho_rsxx_1939_simpson_002_0000;Refugee Survey;8;(i) Scope of the Survey;English
cho_rsxx_1939_simpson_002_0000;Refugee Survey;9;(ii) Definition;English
cho_rsxx_1939_simpson_002_0000;Refugee Survey;10;(iii) Causes of Refugee Movements;English
cho_rsxx_1939_simpson_002_0000;Refugee Survey;11;(iv) Elements of the Present Position;English
cho_rsxx_1939_simpson_002_0000;Refugee Survey;12;Chapter II Greek, Bulgarian, and Turkish Refugees;English
cho_rsxx_1939_simpson_002_0000;Refugee Survey;13;(i) Greek Refugees;English
cho_rsxx_1939_simpson_002_0000;Refugee Survey;14;(a) Origins;English
cho_rsxx_1939_simpson_002_0000;Refugee Survey;15;(b) Exchange of Populations;English
cho_rsxx_1939_simpson_002_0000;Refugee Survey;16;(c) Refugee Settlement Commission;English
cho_rsxx_1939_simpson_002_0000;Refugee Survey;17;(ii) Bulgarian Refugees;English
cho_rsxx_1939_simpson_002_0000;Refugee Survey;18;(a) Origins;English
cho_rsxx_1939_simpson_002_0000;Refugee Survey;19;(b) Settlement;English
cho_rsxx_1939_simpson_002_0000;Refugee Survey;20;(iii) Turkish Refugees;English
cho_rsxx_1939_simpson_002_0000;Refugee Survey;21;(a) Origins;English
cho_rsxx_1939_simpson_002_0000;Refugee Survey;22;(b) Settlement;English
cho_rsxx_1939_simpson_002_0000;Refugee Survey;23;Chapter III Armenian Refugees;English
cho_rsxx_1939_simpson_002_0000;Refugee Survey;24;(i) Origins;English
cho_rsxx_1939_simpson_002_0000;Refugee Survey;25;(ii) Emergency Relief;English
cho_rsxx_1939_simpson_002_0000;Refugee Survey;26;(iii) League Intervention;English
cho_rsxx_1939_simpson_002_0000;Refugee Survey;27;(iv) Settlement in Erivan;English
cho_rsxx_1939_simpson_002_0000;Refugee Survey;28;(v) Settlement in Syria and the Lebanon;English
cho_rsxx_1939_simpson_002_0000;Refugee Survey;29;(vi) Settlement in Other Countries;English
cho_rsxx_1939_simpson_002_0000;Refugee Survey;30;(vii) Present Position of Armenian Question;English
cho_rsxx_1939_simpson_002_0000;Refugee Survey;31;Chapter IV Assyrians and Other Refugees from the Former Ottoman Empire;English
cho_rsxx_1939_simpson_002_0000;Refugee Survey;32;(i) Assyrians;English
cho_rsxx_1939_simpson_002_0000;Refugee Survey;33;(a) Origins;English
cho_rsxx_1939_simpson_002_0000;Refugee Survey;34;(b) League Intervention on behalf of the Assyrians of Iraq and Settlement in Syria;English
cho_rsxx_1939_simpson_002_0000;Refugee Survey;35;(c) Present Distribution of Assyrians;English
cho_rsxx_1939_simpson_002_0000;Refugee Survey;36;"(ii) Assyrian, Assyro-Chaldean, and &apos;Assimilated&apos; Refugees under the Nansen Office";English
cho_rsxx_1939_simpson_002_0000;Refugee Survey;37;"(iii) Movement of &apos;Assimilated&apos; Turkish Refugees out of Turkey";English
cho_rsxx_1939_simpson_002_0000;Refugee Survey;38;Chapter V The Russian Emigration;English
cho_rsxx_1939_simpson_002_0000;Refugee Survey;39;(i) Origins;English
cho_rsxx_1939_simpson_002_0000;Refugee Survey;40;(a) Introductory;English
cho_rsxx_1939_simpson_002_0000;Refugee Survey;41;(b) Movements within the Confines of the Former Russian Empire during the War and the Civil Wars;English
cho_rsxx_1939_simpson_002_0000;Refugee Survey;42;(ii) Emigration;English
cho_rsxx_1939_simpson_002_0000;Refugee Survey;43;(a) The Dispersion from South Russia;English
cho_rsxx_1939_simpson_002_0000;Refugee Survey;44;(b) Secondary Dispersion from Constantinople and other Centres in the Levant;English
cho_rsxx_1939_simpson_002_0000;Refugee Survey;45;(c) The Stream of Refugees to the West and North;English
cho_rsxx_1939_simpson_002_0000;Refugee Survey;46;(d) The Dispersion in the Far East;English
cho_rsxx_1939_simpson_002_0000;Refugee Survey;47;(iii) Numbers and Distribution of the Emigration;English
cho_rsxx_1939_simpson_002_0000;Refugee Survey;48;(iv) Structure of the Emigration;English
cho_rsxx_1939_simpson_002_0000;Refugee Survey;49;(a) Composition of Refugee Groups;English
cho_rsxx_1939_simpson_002_0000;Refugee Survey;50;(b) Age and Occupational Constitution;English
cho_rsxx_1939_simpson_002_0000;Refugee Survey;51;(c) Political Grouping;English
cho_rsxx_1939_simpson_002_0000;Refugee Survey;52;(d) Russian Culture;English
cho_rsxx_1939_simpson_002_0000;Refugee Survey;53;(e) The Church in Exile;English
cho_rsxx_1939_simpson_002_0000;Refugee Survey;54;(f) Education;English
cho_rsxx_1939_simpson_002_0000;Refugee Survey;55;(v) Stabilization: Present Position;English
cho_rsxx_1939_simpson_002_0000;Refugee Survey;56;(vi) Ukrainians;English
cho_rsxx_1939_simpson_002_0000;Refugee Survey;57;Chapter VI Italian Refugees;English
cho_rsxx_1939_simpson_002_0000;Refugee Survey;58;(i) Definition;English
cho_rsxx_1939_simpson_002_0000;Refugee Survey;59;(ii) Numbers and Distribution;English
cho_rsxx_1939_simpson_002_0000;Refugee Survey;60;(iii) Periods of Italian Emigration;English
cho_rsxx_1939_simpson_002_0000;Refugee Survey;61;"(iv) Attitude of the Italian Government towards the &#x00C9;Migr&#x00E9;s";English
cho_rsxx_1939_simpson_002_0000;Refugee Survey;62;(v) Need for International Recognition;English
cho_rsxx_1939_simpson_002_0000;Refugee Survey;63;(vi) Italian and Other Jews;English
cho_rsxx_1939_simpson_002_0000;Refugee Survey;64;Chapter VII Refugees Coming from Germany and Refugees from the Saar;English
cho_rsxx_1939_simpson_002_0000;Refugee Survey;65;(A) Refugees Coming from Germany;English
cho_rsxx_1939_simpson_002_0000;Refugee Survey;66;(i) Origins;English
cho_rsxx_1939_simpson_002_0000;Refugee Survey;67;(a) Anti-Semitism;English
cho_rsxx_1939_simpson_002_0000;Refugee Survey;68;(b) Political and Religious;English
cho_rsxx_1939_simpson_002_0000;Refugee Survey;69;(ii) Numbers;English
cho_rsxx_1939_simpson_002_0000;Refugee Survey;70;(iii) Conditions under Which Emigration Takes Place;English
cho_rsxx_1939_simpson_002_0000;Refugee Survey;71;(iv) Distribution of the Refugees;English
cho_rsxx_1939_simpson_002_0000;Refugee Survey;72;(v) Structure of the Emigration by Age and Occupation;English
cho_rsxx_1939_simpson_002_0000;Refugee Survey;73;(vi) The Potential Problem;English
cho_rsxx_1939_simpson_002_0000;Refugee Survey;74;(B) Refugees from the SAAR;English
cho_rsxx_1939_simpson_002_0000;Refugee Survey;75;(i) Origins;English
cho_rsxx_1939_simpson_002_0000;Refugee Survey;76;(ii) League Intervention;English
cho_rsxx_1939_simpson_002_0000;Refugee Survey;77;(iii) Numbers and Distribution;English
cho_rsxx_1939_simpson_002_0000;Refugee Survey;78;(iv) Present Position;English
cho_rsxx_1939_simpson_002_0000;Refugee Survey;79;(v) Settlement in Paraguay;English
cho_rsxx_1939_simpson_002_0000;Refugee Survey;80;(vi) Existing Problem;English
cho_rsxx_1939_simpson_002_0000;Refugee Survey;81;Chapter VIII Spanish and Portuguese Refugees;English
cho_rsxx_1939_simpson_002_0000;Refugee Survey;82;(i) Movements within Spain Itself;English
cho_rsxx_1939_simpson_002_0000;Refugee Survey;83;(ii) Evacuation by Sea or across the Pyrenees;English
cho_rsxx_1939_simpson_002_0000;Refugee Survey;84;(iii) Numbers and Distribution;English
cho_rsxx_1939_simpson_002_0000;Refugee Survey;85;(a) Government Spain;English
cho_rsxx_1939_simpson_002_0000;Refugee Survey;86;(b) Foreign Countries;English
cho_rsxx_1939_simpson_002_0000;Refugee Survey;87;(iv) Organization of Relief;English
cho_rsxx_1939_simpson_002_0000;Refugee Survey;88;(a) Spanish;English
cho_rsxx_1939_simpson_002_0000;Refugee Survey;89;(b) Foreign;English
cho_rsxx_1939_simpson_002_0000;Refugee Survey;90;B. Portuguese Refugees;English
cho_rsxx_1939_simpson_002_0000;Refugee Survey;91;(i) Origins;English
cho_rsxx_1939_simpson_002_0000;Refugee Survey;92;(ii) Composition, Numbers, Distribution;English
cho_rsxx_1939_simpson_002_0000;Refugee Survey;93;(iii) Present Position;English
cho_rsxx_1939_simpson_002_0000;Refugee Survey;94;Chapter IX Private Organizations Assisting Refugees;English
cho_rsxx_1939_simpson_002_0000;Refugee Survey;95;(i) Introductory;English
cho_rsxx_1939_simpson_002_0000;Refugee Survey;96;(ii) Organizations with Generalized Aims;English
cho_rsxx_1939_simpson_002_0000;Refugee Survey;97;(a) The Red Cross;English
cho_rsxx_1939_simpson_002_0000;Refugee Survey;98;(c) The Save the Children Fund and the International Save the Children Union;English
cho_rsxx_1939_simpson_002_0000;Refugee Survey;99;(d) Near East Relief;English
cho_rsxx_1939_simpson_002_0000;Refugee Survey;100;(e) The Society of Friends;English
cho_rsxx_1939_simpson_002_0000;Refugee Survey;101;(iii) Organizations for Relief of Russians;English
cho_rsxx_1939_simpson_002_0000;Refugee Survey;102;(iv) Organizations for the Assistance of Armenian and Other Refugees in the near East;English
cho_rsxx_1939_simpson_002_0000;Refugee Survey;103;(a) Non-Armenian Funds;English
cho_rsxx_1939_simpson_002_0000;Refugee Survey;104;(b) Armenian Funds;English
cho_rsxx_1939_simpson_002_0000;Refugee Survey;105;(v) Organizations Assisting Refugees Coming from Germany;English
cho_rsxx_1939_simpson_002_0000;Refugee Survey;106;(a) Jewish Organizations;English
cho_rsxx_1939_simpson_002_0000;Refugee Survey;107;(b) Associations assisting Non-Jewish Refugees;English
cho_rsxx_1939_simpson_002_0000;Refugee Survey;108;(c) Committees assisting Professional and Learned Persons;English
cho_rsxx_1939_simpson_002_0000;Refugee Survey;109;Chapter X International Assistance to Refugees;English
cho_rsxx_1939_simpson_002_0000;Refugee Survey;110;(i) Introductory;English
cho_rsxx_1939_simpson_002_0000;Refugee Survey;111;(ii) Main Principles of League Action for Refugees;English
cho_rsxx_1939_simpson_002_0000;Refugee Survey;112;(iii) The Nansen Organization;English
cho_rsxx_1939_simpson_002_0000;Refugee Survey;113;(a) Introductory;English
cho_rsxx_1939_simpson_002_0000;Refugee Survey;114;(b) Nansen as High Commissioner;English
cho_rsxx_1939_simpson_002_0000;Refugee Survey;115;(c) Administration of the Technical Services by the I. L. O.;English
cho_rsxx_1939_simpson_002_0000;Refugee Survey;116;(d) Period 1930-8;English
cho_rsxx_1939_simpson_002_0000;Refugee Survey;117;(iv) High Commissioner for Refugees Coming from Germany;English
cho_rsxx_1939_simpson_002_0000;Refugee Survey;118;(v) Discussion of the Future of the Nansen Office and the High Commission in 1936-8;English
cho_rsxx_1939_simpson_002_0000;Refugee Survey;119;(vi) Other Work of the League for Refugees;English
cho_rsxx_1939_simpson_002_0000;Refugee Survey;120;(vii) Intergovernmental Committee outside the League;English
cho_rsxx_1939_simpson_002_0000;Refugee Survey;121;Chapter XI Refugees and the Law;English
cho_rsxx_1939_simpson_002_0000;Refugee Survey;122;A. International Action;English
cho_rsxx_1939_simpson_002_0000;Refugee Survey;123;(i) Definition;English
cho_rsxx_1939_simpson_002_0000;Refugee Survey;124;(ii) Nationality;English
cho_rsxx_1939_simpson_002_0000;Refugee Survey;125;(a) Statelessness;English
cho_rsxx_1939_simpson_002_0000;Refugee Survey;126;(b) Denationalization and Denaturalization;English
cho_rsxx_1939_simpson_002_0000;Refugee Survey;127;(c) Naturalization;English
cho_rsxx_1939_simpson_002_0000;Refugee Survey;128;(iii) International Action;English
cho_rsxx_1939_simpson_002_0000;Refugee Survey;129;(a) Identity and Travel Documents;English
cho_rsxx_1939_simpson_002_0000;Refugee Survey;130;(b) Residence;English
cho_rsxx_1939_simpson_002_0000;Refugee Survey;131;(c) Proof of Identity. Legal Status;English
cho_rsxx_1939_simpson_002_0000;Refugee Survey;132;(d) The Conventions;English
cho_rsxx_1939_simpson_002_0000;Refugee Survey;133;(iv) Expulsion and Refoulement;English
cho_rsxx_1939_simpson_002_0000;Refugee Survey;134;(a) General Principles;English
cho_rsxx_1939_simpson_002_0000;Refugee Survey;135;(b) Recommendations of the League of Nations;English
cho_rsxx_1939_simpson_002_0000;Refugee Survey;136;(c) Practice in Certain Countries;English
cho_rsxx_1939_simpson_002_0000;Refugee Survey;137;Chapter XII Refugees and the Law;English
cho_rsxx_1939_simpson_002_0000;Refugee Survey;138;B. Municipal Law;English
cho_rsxx_1939_simpson_002_0000;Refugee Survey;139;(i) Introductory;English
cho_rsxx_1939_simpson_002_0000;Refugee Survey;140;(ii) Admission, Residence, Movement;English
cho_rsxx_1939_simpson_002_0000;Refugee Survey;141;(a) Passports;English
cho_rsxx_1939_simpson_002_0000;Refugee Survey;142;(b) Permits of Residence and Identity Cards;English
cho_rsxx_1939_simpson_002_0000;Refugee Survey;143;(c) Movement;English
cho_rsxx_1939_simpson_002_0000;Refugee Survey;144;(d) Admission (Visas);English
cho_rsxx_1939_simpson_002_0000;Refugee Survey;145;(e) Regulations in the Far East and in South America;English
cho_rsxx_1939_simpson_002_0000;Refugee Survey;146;(iii) Access to Employment;English
cho_rsxx_1939_simpson_002_0000;Refugee Survey;147;(iv) Social Services;English
cho_rsxx_1939_simpson_002_0000;Refugee Survey;148;(v) Compulsory Military Service;English
cho_rsxx_1939_simpson_002_0000;Refugee Survey;149;(vi) Naturalization;English
cho_rsxx_1939_simpson_002_0000;Refugee Survey;150;(a) General Principles;English
cho_rsxx_1939_simpson_002_0000;Refugee Survey;151;(b) The Nationality of a Refugee upon Marriage and the Nationality of the Wife of a Refugee;English
cho_rsxx_1939_simpson_002_0000;Refugee Survey;152;(c) The Nationality of Refugee Children;English
cho_rsxx_1939_simpson_002_0000;Refugee Survey;153;Chapter XIII France;English
cho_rsxx_1939_simpson_002_0000;Refugee Survey;154;(i) Introductory;English
cho_rsxx_1939_simpson_002_0000;Refugee Survey;155;(ii) Official Machinery for Dealing with Refugees;English
cho_rsxx_1939_simpson_002_0000;Refugee Survey;156;(iii) Russian Refugees;English
cho_rsxx_1939_simpson_002_0000;Refugee Survey;157;(a) Origins and Numbers;English
cho_rsxx_1939_simpson_002_0000;Refugee Survey;158;(b) Economic Conditions;English
cho_rsxx_1939_simpson_002_0000;Refugee Survey;159;(c) Assimilation, Mixed Marriages, Naturalization;English
cho_rsxx_1939_simpson_002_0000;Refugee Survey;160;(d) Private Organizations assisting the Russians;English
cho_rsxx_1939_simpson_002_0000;Refugee Survey;161;(e) Conclusion;English
cho_rsxx_1939_simpson_002_0000;Refugee Survey;162;(iv) Armenian Refugees;English
cho_rsxx_1939_simpson_002_0000;Refugee Survey;163;(a) Numbers;English
cho_rsxx_1939_simpson_002_0000;Refugee Survey;164;(b) Economic Conditions;English
cho_rsxx_1939_simpson_002_0000;Refugee Survey;165;(c) Education and Culture;English
cho_rsxx_1939_simpson_002_0000;Refugee Survey;166;(d) Private Organizations;English
cho_rsxx_1939_simpson_002_0000;Refugee Survey;167;(e) Conclusion;English
cho_rsxx_1939_simpson_002_0000;Refugee Survey;168;(v) German Refugees;English
cho_rsxx_1939_simpson_002_0000;Refugee Survey;169;(a) Numbers;English
cho_rsxx_1939_simpson_002_0000;Refugee Survey;170;(b) Economic Position;English
cho_rsxx_1939_simpson_002_0000;Refugee Survey;171;(c) Education and Culture;English
cho_rsxx_1939_simpson_002_0000;Refugee Survey;172;(d) Organizations;English
cho_rsxx_1939_simpson_002_0000;Refugee Survey;173;(e) Conclusion;English
cho_rsxx_1939_simpson_002_0000;Refugee Survey;174;(vi) Refugees from the SAAR;English
cho_rsxx_1939_simpson_002_0000;Refugee Survey;175;(a) Numbers;English
cho_rsxx_1939_simpson_002_0000;Refugee Survey;176;(b) Economic Position;English
cho_rsxx_1939_simpson_002_0000;Refugee Survey;177;(vii) Spanish Refugees;English
cho_rsxx_1939_simpson_002_0000;Refugee Survey;178;(a) Numbers;English
cho_rsxx_1939_simpson_002_0000;Refugee Survey;179;(b) Conditions of Life;English
cho_rsxx_1939_simpson_002_0000;Refugee Survey;180;(c) Children;English
cho_rsxx_1939_simpson_002_0000;Refugee Survey;181;(viii) Italian Refugees;English
cho_rsxx_1939_simpson_002_0000;Refugee Survey;182;(a) Machinery for Dealing with Refugees;English
cho_rsxx_1939_simpson_002_0000;Refugee Survey;183;(b) Political Organizations;English
cho_rsxx_1939_simpson_002_0000;Refugee Survey;184;(c) Economic Position and Assistance;English
cho_rsxx_1939_simpson_002_0000;Refugee Survey;185;Chapter XIV Great Britain, Holland, Belgium, and Scandinavian Countries;English
cho_rsxx_1939_simpson_002_0000;Refugee Survey;186;(i) United Kingdom;English
cho_rsxx_1939_simpson_002_0000;Refugee Survey;187;(a) Government Attitude and Practice;English
cho_rsxx_1939_simpson_002_0000;Refugee Survey;188;(b) Russian Refugees;English
cho_rsxx_1939_simpson_002_0000;Refugee Survey;189;(c) Armenians;English
cho_rsxx_1939_simpson_002_0000;Refugee Survey;190;(d) Refugees from Germany and Austria;English
cho_rsxx_1939_simpson_002_0000;Refugee Survey;191;(e) Spanish Refugees;English
cho_rsxx_1939_simpson_002_0000;Refugee Survey;192;(f) Other Groups;English
cho_rsxx_1939_simpson_002_0000;Refugee Survey;193;(g) Conclusion;English
cho_rsxx_1939_simpson_002_0000;Refugee Survey;194;(ii) Holland;English
cho_rsxx_1939_simpson_002_0000;Refugee Survey;195;(a) Government Machinery;English
cho_rsxx_1939_simpson_002_0000;Refugee Survey;196;(b) Russian and Armenian Refugees;English
cho_rsxx_1939_simpson_002_0000;Refugee Survey;197;(c) Refugees from Germany;English
cho_rsxx_1939_simpson_002_0000;Refugee Survey;198;(iii) Belgium;English
cho_rsxx_1939_simpson_002_0000;Refugee Survey;199;(a) Machinery for dealing with Refugees;English
cho_rsxx_1939_simpson_002_0000;Refugee Survey;200;(b) Russian Refugees;English
cho_rsxx_1939_simpson_002_0000;Refugee Survey;201;(c) German Refugees;English
cho_rsxx_1939_simpson_002_0000;Refugee Survey;202;(iv) Scandinavian Countries;English
cho_rsxx_1939_simpson_002_0000;Refugee Survey;203;(a) Numbers and Origin of Refugees from Germany;English
cho_rsxx_1939_simpson_002_0000;Refugee Survey;204;(b) Organization of Assistance;English
cho_rsxx_1939_simpson_002_0000;Refugee Survey;205;Chapter XV Russian Refugees in Poland and the Baltic States;English
cho_rsxx_1939_simpson_002_0000;Refugee Survey;206;(i) Poland;English
cho_rsxx_1939_simpson_002_0000;Refugee Survey;207;(a) Government Machinery;English
cho_rsxx_1939_simpson_002_0000;Refugee Survey;208;(b) Origins and Numbers;English
cho_rsxx_1939_simpson_002_0000;Refugee Survey;209;(c) Economic and Social Position. Assimilation;English
cho_rsxx_1939_simpson_002_0000;Refugee Survey;210;(d) Private Organizations;English
cho_rsxx_1939_simpson_002_0000;Refugee Survey;211;(e) Conclusion;English
cho_rsxx_1939_simpson_002_0000;Refugee Survey;212;(ii) The Baltic States Estonia, Latvia, Lithuania, Finland;English
cho_rsxx_1939_simpson_002_0000;Refugee Survey;213;(a) General;English
cho_rsxx_1939_simpson_002_0000;Refugee Survey;214;(b) Estonia;English
cho_rsxx_1939_simpson_002_0000;Refugee Survey;215;(c) Latvia;English
cho_rsxx_1939_simpson_002_0000;Refugee Survey;216;(d) Lithuania;English
cho_rsxx_1939_simpson_002_0000;Refugee Survey;217;(e) Finland;English
cho_rsxx_1939_simpson_002_0000;Refugee Survey;218;Chapter XVI Germany, Czechoslovakia, Switzerland, and Italy;English
cho_rsxx_1939_simpson_002_0000;Refugee Survey;219;(i) Germany: Russian Refugees;English
cho_rsxx_1939_simpson_002_0000;Refugee Survey;220;(a) Organizations Dealing with Refugees;English
cho_rsxx_1939_simpson_002_0000;Refugee Survey;221;(b) Origins and Numbers;English
cho_rsxx_1939_simpson_002_0000;Refugee Survey;222;(c) Position of the Refugees;English
cho_rsxx_1939_simpson_002_0000;Refugee Survey;223;(d) Private Organizations;English
cho_rsxx_1939_simpson_002_0000;Refugee Survey;224;(ii) Czechoslovakia;English
cho_rsxx_1939_simpson_002_0000;Refugee Survey;225;(a) Russian Refugees;English
cho_rsxx_1939_simpson_002_0000;Refugee Survey;226;(b) German Refugees;English
cho_rsxx_1939_simpson_002_0000;Refugee Survey;227;(c) Position of the Refugee Question after the Cession of the Sudeten areas to Germany;English
cho_rsxx_1939_simpson_002_0000;Refugee Survey;228;(iii) Switzerland;English
cho_rsxx_1939_simpson_002_0000;Refugee Survey;229;(a) Introductory;English
cho_rsxx_1939_simpson_002_0000;Refugee Survey;230;(b) Groups of Refugees;English
cho_rsxx_1939_simpson_002_0000;Refugee Survey;231;(iv) Italy;English
cho_rsxx_1939_simpson_002_0000;Refugee Survey;232;(a) Nansen Refugees;English
cho_rsxx_1939_simpson_002_0000;Refugee Survey;233;(b) German Refugees;English
cho_rsxx_1939_simpson_002_0000;Refugee Survey;234;Chapter XVII Bulgaria, Greece, Roumania, and Yugoslavia;English
cho_rsxx_1939_simpson_002_0000;Refugee Survey;235;(i) Bulgaria;English
cho_rsxx_1939_simpson_002_0000;Refugee Survey;236;(a) Introductory;English
cho_rsxx_1939_simpson_002_0000;Refugee Survey;237;(b) Russians;English
cho_rsxx_1939_simpson_002_0000;Refugee Survey;238;(c) Armenians;English
cho_rsxx_1939_simpson_002_0000;Refugee Survey;239;(ii) Greece;English
cho_rsxx_1939_simpson_002_0000;Refugee Survey;240;(a) Introductory;English
cho_rsxx_1939_simpson_002_0000;Refugee Survey;241;(b) Russian Refugees;English
cho_rsxx_1939_simpson_002_0000;Refugee Survey;242;(c) Armenians;English
cho_rsxx_1939_simpson_002_0000;Refugee Survey;243;(d) Other Groups;English
cho_rsxx_1939_simpson_002_0000;Refugee Survey;244;(iii) Roumania;English
cho_rsxx_1939_simpson_002_0000;Refugee Survey;245;(a) Introductory;English
cho_rsxx_1939_simpson_002_0000;Refugee Survey;246;(b) Russians;English
cho_rsxx_1939_simpson_002_0000;Refugee Survey;247;(c) Armenians;English
cho_rsxx_1939_simpson_002_0000;Refugee Survey;248;(d) Conclusion;English
cho_rsxx_1939_simpson_002_0000;Refugee Survey;249;(iv) Yugoslavia;English
cho_rsxx_1939_simpson_002_0000;Refugee Survey;250;(a) Introductory;English
cho_rsxx_1939_simpson_002_0000;Refugee Survey;251;(b) Official Machinery and Assistance;English
cho_rsxx_1939_simpson_002_0000;Refugee Survey;252;(c) Origin and Numbers;English
cho_rsxx_1939_simpson_002_0000;Refugee Survey;253;(d) Economic and Social Conditions;English
cho_rsxx_1939_simpson_002_0000;Refugee Survey;254;(e) Education, Religion, and Culture;English
cho_rsxx_1939_simpson_002_0000;Refugee Survey;255;(f) Assistance to Refugees from the State and through Private Organizations;English
cho_rsxx_1939_simpson_002_0000;Refugee Survey;256;(g) Conclusion;English
cho_rsxx_1939_simpson_002_0000;Refugee Survey;257;Chapter XVIII Palestine, Syria and the Lebanon, Egypt, Cyprus and Turkey;English
cho_rsxx_1939_simpson_002_0000;Refugee Survey;258;(i) Palestine;English
cho_rsxx_1939_simpson_002_0000;Refugee Survey;259;(a) Number of German Refugees;English
cho_rsxx_1939_simpson_002_0000;Refugee Survey;260;(b) Conditions of Immigration;English
cho_rsxx_1939_simpson_002_0000;Refugee Survey;261;(c) Absorptive Capacity;English
cho_rsxx_1939_simpson_002_0000;Refugee Survey;262;(d) Selection and Training of Immigrants;English
cho_rsxx_1939_simpson_002_0000;Refugee Survey;263;(e) Jewish Economic Development;English
cho_rsxx_1939_simpson_002_0000;Refugee Survey;264;(f) Economic and Social Conditions;English
cho_rsxx_1939_simpson_002_0000;Refugee Survey;265;(ii) Syria and the Lebanon;English
cho_rsxx_1939_simpson_002_0000;Refugee Survey;266;(a) Introductory;English
cho_rsxx_1939_simpson_002_0000;Refugee Survey;267;(b) The Armenians;English
cho_rsxx_1939_simpson_002_0000;Refugee Survey;268;(c) The Assyrians;English
cho_rsxx_1939_simpson_002_0000;Refugee Survey;269;(d) The Russians;English
cho_rsxx_1939_simpson_002_0000;Refugee Survey;270;(e) Other Groups of Refugees;English
cho_rsxx_1939_simpson_002_0000;Refugee Survey;271;(f) Possibilities of Jewish Immigration;English
cho_rsxx_1939_simpson_002_0000;Refugee Survey;272;(iii) Egypt;English
cho_rsxx_1939_simpson_002_0000;Refugee Survey;273;(a) Russians;English
cho_rsxx_1939_simpson_002_0000;Refugee Survey;274;(b) Armenians;English
cho_rsxx_1939_simpson_002_0000;Refugee Survey;275;(iv) Cyprus;English
cho_rsxx_1939_simpson_002_0000;Refugee Survey;276;(v) Turkey;English
cho_rsxx_1939_simpson_002_0000;Refugee Survey;277;(a) Russian Refugees;English
cho_rsxx_1939_simpson_002_0000;Refugee Survey;278;(b) Germans;English
cho_rsxx_1939_simpson_002_0000;Refugee Survey;279;Chapter XIX The United States, South America, and the British Dominions;English
cho_rsxx_1939_simpson_002_0000;Refugee Survey;280;(i) The United States of America;English
cho_rsxx_1939_simpson_002_0000;Refugee Survey;281;(a) Introductory;English
cho_rsxx_1939_simpson_002_0000;Refugee Survey;282;(b) Russian Refugees;English
cho_rsxx_1939_simpson_002_0000;Refugee Survey;283;(c) Ukrainian Refugees;English
cho_rsxx_1939_simpson_002_0000;Refugee Survey;284;(d) German Refugees;English
cho_rsxx_1939_simpson_002_0000;Refugee Survey;285;(e) Greek Refugees;English
cho_rsxx_1939_simpson_002_0000;Refugee Survey;286;(f) Armenian Refugees;English
cho_rsxx_1939_simpson_002_0000;Refugee Survey;287;(g) Conclusions;English
cho_rsxx_1939_simpson_002_0000;Refugee Survey;288;(ii) Refugee Conditions in Various South American Countries;English
cho_rsxx_1939_simpson_002_0000;Refugee Survey;289;(a) Argentina, Brazil and Paraguay;English
cho_rsxx_1939_simpson_002_0000;Refugee Survey;290;(b) Other South American Countries;English
cho_rsxx_1939_simpson_002_0000;Refugee Survey;291;(c) General Conditions;English
cho_rsxx_1939_simpson_002_0000;Refugee Survey;292;(iii) British Dominions;English
cho_rsxx_1939_simpson_002_0000;Refugee Survey;293;(a) General Prospects of Refugee Immigration;English
cho_rsxx_1939_simpson_002_0000;Refugee Survey;294;(b) The Dominion of Canada;English
cho_rsxx_1939_simpson_002_0000;Refugee Survey;295;(c) The Union of South Africa;English
cho_rsxx_1939_simpson_002_0000;Refugee Survey;296;(d) Australia;English
cho_rsxx_1939_simpson_002_0000;Refugee Survey;297;(e) Other British Countries;English
cho_rsxx_1939_simpson_002_0000;Refugee Survey;298;(f) Other Overseas Countries;English
cho_rsxx_1939_simpson_002_0000;Refugee Survey;299;Chapter XX The Far East: Russian Refugees;English
cho_rsxx_1939_simpson_002_0000;Refugee Survey;300;(i) Introductory;English
cho_rsxx_1939_simpson_002_0000;Refugee Survey;301;(iii) Official Organizations;English
cho_rsxx_1939_simpson_002_0000;Refugee Survey;302;(iv) Economic Position and Social Conditions;English
cho_rsxx_1939_simpson_002_0000;Refugee Survey;303;(v) Domestic Conditions;English
cho_rsxx_1939_simpson_002_0000;Refugee Survey;304;(vi) Education and Culture;English
cho_rsxx_1939_simpson_002_0000;Refugee Survey;305;(vii) Private Organizations;English
cho_rsxx_1939_simpson_002_0000;Refugee Survey;306;(viii) Conclusion;English
cho_rsxx_1939_simpson_002_0000;Refugee Survey;307;Chapter XXI The Existing and the Potential Problem;English
cho_rsxx_1939_simpson_002_0000;Refugee Survey;308;(i) Extent of the Problem at the End of 1937;English
cho_rsxx_1939_simpson_002_0000;Refugee Survey;309;(ii) Extension of the German Problem in 1938;English
cho_rsxx_1939_simpson_002_0000;Refugee Survey;310;(iii) The Potential Problem;English
cho_rsxx_1939_simpson_002_0000;Refugee Survey;311;Chapter XXII Solutions;English
cho_rsxx_1939_simpson_002_0000;Refugee Survey;312;(i) Prevention;English
cho_rsxx_1939_simpson_002_0000;Refugee Survey;313;(a) Minority Protection;English
cho_rsxx_1939_simpson_002_0000;Refugee Survey;314;(b) Removal of the Causes of Refugee Movements;English
cho_rsxx_1939_simpson_002_0000;Refugee Survey;315;(ii) Repatriation;English
cho_rsxx_1939_simpson_002_0000;Refugee Survey;316;(iii) Distribution to Countries where Final Settlement is Possible;English
cho_rsxx_1939_simpson_002_0000;Refugee Survey;317;(a) Introductory;English
cho_rsxx_1939_simpson_002_0000;Refugee Survey;318;(b) Overseas Migration;English
cho_rsxx_1939_simpson_002_0000;Refugee Survey;319;(c) Infiltration and Group Settlement;English
cho_rsxx_1939_simpson_002_0000;Refugee Survey;320;(iv) Absorption in the Countries of Refuge;English
cho_rsxx_1939_simpson_002_0000;Refugee Survey;321;(a) Introductory;English
cho_rsxx_1939_simpson_002_0000;Refugee Survey;322;(b) Conditions of Final Absorption;English
cho_rsxx_1939_simpson_002_0000;Refugee Survey;323;(c) Interim Measures Pending Absorption;English
cho_rsxx_1939_simpson_002_0000;Refugee Survey;324;(v) Outstanding Problems and the Machinery for Solving Them;English
cho_rsxx_1939_simpson_002_0000;Refugee Survey;325;Chapter XXIII Conclusion;English
cho_rsxx_1939_simpson_002_0000;Refugee Survey;326;Appendix I Migrations to and from Macedonia and to and from Thrace, and Changes in the Ethnic Constitution of the Populations of Greek Macedonia and Thrace and of Turkish Thrace;English
cho_rsxx_1939_simpson_002_0000;Refugee Survey;327;Appendix II Report by M. Cheysson to the Survey on the Existing Position of the Bulgarian Refugee Settlements;English
cho_rsxx_1939_simpson_002_0000;Refugee Survey;328;Appendix III Settlement in the Upper Jezira;English
cho_rsxx_1939_simpson_002_0000;Refugee Survey;329;Appendix IV;English
cho_rsxx_1939_simpson_002_0000;Refugee Survey;330;Appendix V;English
cho_rsxx_1939_simpson_002_0000;Refugee Survey;331;Appendix VI;English
cho_rsxx_1939_simpson_002_0000;Refugee Survey;332;"Appendix VII Conventions 1933 &amp; 1938";English
cho_rsxx_1939_simpson_002_0000;Refugee Survey;333;Appendix VIII Resolutions on International Assistance to Refugees Adopted by the Nineteenth Assembly of the League of Nations on 30 September 1938;English
cho_rsxx_1939_simpson_002_0000;Refugee Survey;334;Appendix IX Conditions of Naturalization of Refugees in Various Countries;English
cho_rsxx_1939_simpson_002_0000;Refugee Survey;335;Appendix X The Economic Effect of Refugee Immigration;English
cho_rsxx_1939_simpson_002_0000;Refugee Survey;336;Appendix XI Summary Statement of the Law Affecting the Immigration and Status of Aliens in the United States of America;English
cho_rsxx_1939_simpson_002_0000;Refugee Survey;337;Appendix XII General Considerations Affecting Migration in the Post-War Period;English
cho_rsxx_1939_simpson_002_0000;Refugee Survey;338;Appendix XIII;English
cho_rsxx_1939_simpson_002_0000;Refugee Survey;339;Addendum Anti-Jewish Legislation and Other Measures in Germany since 1 November 1938;English
cho_rsxx_1939_simpson_002_0000;Refugee Survey;340;Index;English
cho_rsxx_1939_simpson_002_0000;Refugee Survey;341;Back Matter;English
cho_rsxx_1939_simpson_002_0000;Refugee Survey;342;;English
cho_rsxx_1939_simpson_002_0000;Refugee Survey;343;;English
cho_rsxx_1939_simpson_002_0000;Refugee Survey;344;;English
